a,d,m,i,n,i,s,t,r,a,c,j,a, ,(,f,), ,-, ,a,d,m,i,n,i,s,t,r,a,t,i,o,n, ,(,f,)
a,d,r,e,s, ,(,m,), ,-, ,a,d,d,r,e,s,s, ,(,m,)
a,g,e,n,c,j,a, ,(,f,), ,-, ,a,g,e,n,c,y, ,(,f,)
a,g,e,n,t, ,(,m,), ,-, ,a,g,e,n,t, ,(,m,)
a,k,t,o,r, ,(,m,), ,-, ,a,c,t,o,r, ,(,m,)
a,l,a,r,m, ,(,m,), ,-, ,a,l,a,r,m, ,(,m,)
a,l,k,o,h,o,l, ,(,m,), ,-, ,a,l,c,o,h,o,l, ,(,m,)
a,m,b,i,c,j,a, ,(,f,), ,-, ,a,m,b,i,t,i,o,n, ,(,f,)
a,n,a,l,i,t,y,k, ,(,m,), ,-, ,a,n,a,l,y,s,t, ,(,m,)
a,n,a,l,i,z,a, ,(,f,), ,-, ,a,n,a,l,y,s,i,s, ,(,f,)
a,p,a,r,a,t, ,(,m,), ,-, ,c,a,m,e,r,a, ,(,m,)
a,p,a,r,t,a,m,e,n,t, ,(,m,), ,-, ,a,p,a,r,t,m,e,n,t, ,(,m,)
a,p,e,l, ,(,m,), ,-, ,a,p,p,e,a,l, ,(,m,)
a,p,l,i,k,a,c,j,a, ,(,f,), ,-, ,a,p,p,l,i,c,a,t,i,o,n, ,(,f,)
a,r,g,u,m,e,n,t, ,(,m,), ,-, ,a,r,g,u,m,e,n,t, ,(,m,)
a,r,m,i,a, ,(,f,), ,-, ,a,r,m,y, ,(,f,)
a,r,t,y,k,u,ł, ,(,m,), ,-, ,a,r,t,i,c,l,e, ,(,m,)
a,s,p,e,k,t, ,(,m,), ,-, ,a,s,p,e,c,t, ,(,m,)
a,s,y,s,t,e,n,t, ,(,m,), ,-, ,a,s,s,i,s,t,a,n,t, ,(,m,)
a,t,m,o,s,f,e,r,a, ,(,f,), ,-, ,a,t,m,o,s,p,h,e,r,e, ,(,f,)
a,u,t,o,b,u,s, ,(,m,), ,-, ,b,u,s, ,(,m,)
a,u,t,o,r, ,(,m,), ,-, ,a,u,t,h,o,r, ,(,m,)
a,u,t,o,s,t,r,a,d,a, ,(,f,), ,-, ,h,i,g,h,w,a,y, ,(,f,)
b,a,b,c,i,a, ,(,f,), ,-, ,g,r,a,n,d,m,o,t,h,e,r, ,(,f,)
b,a,d,a,n,i,e, ,(,n,), ,-, ,r,e,s,e,a,r,c,h, ,(,n,)
b,a,ł,a,g,a,n, ,(,m,), ,-, ,m,e,s,s, ,(,m,)
b,a,n,k, ,(,m,), ,-, ,b,a,n,k, ,(,m,)
b,a,r, ,(,m,), ,-, ,b,a,r, ,(,m,)
b,a,s,e,b,a,l,l, ,(,n,), ,-, ,b,a,s,e,b,a,l,l, ,(,n,)
b,a,s,e,n, ,(,m,), ,-, ,p,o,o,l, ,(,m,)
b,a,z,a, ,(,f,), ,-, ,b,a,s,e, ,(,f,)
b,a,z,a, ,d,a,n,y,c,h, ,(,f,), ,-, ,d,a,t,a,b,a,s,e, ,d,a,n,y,c,h
b,e,z,p,i,e,c,z,e,ń,s,t,w,o, ,(,n,), ,-, ,s,a,f,e,t,y, ,s,e,c,u,r,i,t,y, ,(,n,)
b,i,b,l,i,o,t,e,k,a, ,(,f,), ,-, ,l,i,b,r,a,r,y, ,(,f,)
b,i,e,g, ,(,m,), ,-, ,g,e,a,r, ,(,m,)
b,i,l,e,t, ,(,m,), ,-, ,t,i,c,k,e,t, ,(,m,)
b,i,t, ,(,m,), ,-, ,b,i,t, ,(,m,)
b,i,t,w,a, ,(,f,), ,-, ,b,a,t,t,l,e, ,(,f,)
b,i,u,r,k,o, ,(,n,), ,-, ,d,e,s,k, ,(,n,)
b,i,u,r,o, ,(,n,), ,-, ,o,f,f,i,c,e, ,(,n,)
b,i,z,n,e,s, ,(,m,), ,-, ,b,u,s,i,n,e,s,s, ,(,m,)
b,ł,ą,d, ,(,m,), ,-, ,e,r,r,o,r, ,m,i,s,t,a,k,e, ,(,m,)
b,l,o,k, ,(,m,), ,-, ,b,l,o,c,k, ,(,m,)
b,ł,o,t,o, ,(,n,), ,-, ,m,u,d, ,(,n,)
B,ó,g, ,(,m,), ,-, ,g,o,d, ,(,m,)
b,o,g,a,c,t,w,o, ,(,n,), ,-, ,w,e,a,l,t,h, ,(,n,)
b,ó,l, ,(,m,), ,-, ,p,a,i,n, ,(,m,)
b,r,a,k, ,(,m,), ,-, ,l,a,c,k, ,(,m,)
b,r,a,m,a, ,(,f,), ,-, ,g,a,t,e, ,(,f,)
b,r,a,t, ,(,m,), ,-, ,b,r,o,t,h,e,r, ,(,m,)
b,r,u,d, ,(,m,), ,-, ,d,i,r,t, ,(,m,)
b,u,d,y,n,e,k, ,(,m,), ,-, ,b,u,i,l,d,i,n,g, ,(,m,)
b,u,d,ż,e,t, ,(,m,), ,-, ,b,u,d,g,e,t, ,(,m,)
b,u,r,z,a, ,(,f,), ,-, ,s,t,o,r,m, ,(,f,)
b,u,t, ,(,m,), ,-, ,b,o,o,t, ,s,h,o,e, ,(,m,)
b,u,t,e,l,k,a, ,(,f,), ,-, ,b,o,t,t,l,e, ,(,f,)
c,e,c,h,a, ,(,f,), ,-, ,f,e,a,t,u,r,e, ,(,f,)
c,e,g,ł,a, ,(,f,), ,-, ,b,r,i,c,k, ,(,f,)
c,e,l, ,(,m,), ,-, ,g,o,a,l, ,p,u,r,p,o,s,e, ,t,a,r,g,e,t, ,(,m,)
c,e,l,e,b,r,a,c,j,a, ,(,f,), ,-, ,c,e,l,e,b,r,a,t,i,o,n, ,(,f,)
c,e,n,a, ,(,f,), ,-, ,p,r,i,c,e, ,(,f,)
c,e,n,t,r,u,m, ,h,a,n,d,l,o,w,e, ,(,n,), ,-, ,m,a,l,l, ,h,a,n,d,l,o,w,e
c,h,e,m,i,a, ,(,f,), ,-, ,c,h,e,m,i,s,t,r,y, ,(,f,)
c,h,i,p, ,(,m,), ,-, ,c,h,i,p, ,(,m,)
c,h,l,e,b, ,(,m,), ,-, ,b,r,e,a,d, ,(,m,)
c,h,ł,o,p,a,k, ,(,m,), ,-, ,b,o,y, ,b,o,y,f,r,i,e,n,d, ,(,m,)
c,h,m,u,r,a, ,(,f,), ,-, ,c,l,o,u,d, ,(,f,)
c,h,o,r,o,b,a, ,(,f,), ,-, ,d,i,s,e,a,s,e, ,(,f,)
c,i,a,ł,o, ,(,n,), ,-, ,b,o,d,y, ,(,n,)
c,i,a,s,t,k,o, ,(,n,), ,-, ,c,o,o,k,i,e, ,(,n,)
c,i,a,s,t,o, ,(,n,), ,-, ,c,a,k,e, ,p,i,e, ,(,n,)
c,i,e,p,ł,o, ,(,n,), ,-, ,h,e,a,t, ,(,n,)
c,i,e,r,p,l,i,w,o,ś,ć, ,(,f,), ,-, ,p,a,t,i,e,n,c,e, ,(,f,)
c,i,ę,ż,a,r,ó,w,k,a, ,(,f,), ,-, ,t,r,u,c,k, ,(,f,)
c,i,o,s, ,(,m,), ,-, ,b,l,o,w, ,(,m,)
c,i,ś,n,i,e,n,i,e, ,(,n,), ,-, ,p,r,e,s,s,u,r,e, ,(,n,)
c,o,l,l,e,g,e, ,(,m,), ,-, ,c,o,l,l,e,g,e, ,(,m,)
c,ó,r,k,a, ,(,f,), ,-, ,d,a,u,g,h,t,e,r, ,(,f,)
c,u,k,i,e,r, ,(,m,), ,-, ,s,u,g,a,r, ,(,m,)
c,u,k,i,e,r,e,k, ,(,m,), ,-, ,c,a,n,d,y, ,(,m,)
ć,w,i,c,z,e,n,i,e, ,(,n,), ,-, ,e,x,e,r,c,i,s,e, ,(,n,)
ć,w,i,e,r,ć, ,(,f,), ,-, ,q,u,a,r,t,e,r, ,(,f,)
c,y,k,l, ,(,m,), ,-, ,c,y,c,l,e, ,(,m,)
c,z,a,p,k,a, ,(,f,), ,-, ,c,a,p, ,(,f,)
c,z,a,r,n,y, ,(,m,), ,-, ,b,l,a,c,k, ,(,m,)
c,z,a,s, ,(,m,), ,-, ,t,i,m,e, ,(,m,)
c,z,e,k,o,l,a,d,a, ,(,f,), ,-, ,c,h,o,c,o,l,a,t,e, ,(,f,)
c,z,e,r,w,o,n,y, ,(,m,), ,-, ,r,e,d, ,(,m,)
c,z,ę,ś,ć, ,(,f,), ,-, ,p,a,r,t, ,(,f,)
c,z,ł,o,n,e,k, ,(,m,), ,-, ,m,e,m,b,e,r, ,(,m,)
c,z,ł,o,n,k,o,s,t,w,o, ,(,n,), ,-, ,m,e,m,b,e,r,s,h,i,p, ,(,n,)
c,z,ł,o,w,i,e,k, ,(,m,), ,-, ,m,a,n, ,(,m,)
c,z,y,n, ,(,m,), ,-, ,a,c,t, ,(,m,)
c,z,y,n,n,i,k, ,(,m,), ,-, ,f,a,c,t,o,r, ,(,m,)
c,z,y,t,a,n,i,e, ,(,n,), ,-, ,r,e,a,d,i,n,g, ,(,n,)
d,a,c,h, ,(,m,), ,-, ,r,o,o,f, ,(,m,)
d,a,n,e, ,(,p,l,), ,-, ,d,a,t,a, ,(,p,l,)
d,a,n,i,e, ,(,n,), ,-, ,d,i,s,h, ,(,n,)
d,a,t,a, ,(,f,), ,-, ,d,a,t,e, ,(,f,)
d,e,a,l,e,r, ,(,m,), ,-, ,d,e,a,l,e,r, ,(,m,)
d,e,b,a,t,a, ,(,f,), ,-, ,d,e,b,a,t,e, ,(,f,)
d,e,c,y,z,j,a, ,(,f,), ,-, ,d,e,c,i,s,i,o,n, ,(,f,)
d,e,f,i,n,i,c,j,a, ,(,f,), ,-, ,d,e,f,i,n,i,t,i,o,n, ,(,f,)
d,e,p,r,e,s,j,a, ,(,f,), ,-, ,d,e,p,r,e,s,s,i,o,n, ,(,f,)
d,e,s,z,c,z, ,(,m,), ,-, ,r,a,i,n, ,(,m,)
d,i,a,b,e,ł, ,(,m,), ,-, ,d,e,v,i,l, ,(,m,)
d,i,a,m,e,n,t, ,(,m,), ,-, ,d,i,a,m,o,n,d, ,(,m,)
d,i,e,t,a, ,(,f,), ,-, ,d,i,e,t, ,(,f,)
d,ł,u,g, ,(,m,), ,-, ,d,e,b,t, ,(,m,)
d,ł,u,g,o,p,i,s, ,(,m,), ,-, ,p,e,n, ,(,m,)
d,ł,u,g,o,ś,ć, ,(,f,), ,-, ,l,e,n,g,t,h, ,(,f,)
d,n,o, ,(,n,), ,-, ,b,o,t,t,o,m, ,(,n,)
d,o,c,h,ó,d, ,(,m,), ,-, ,i,n,c,o,m,e, ,(,m,)
d,o,d,a,t,e,k, ,(,m,), ,-, ,a,d,d,i,t,i,o,n, ,(,m,)
d,o,k,u,m,e,n,t, ,(,m,), ,-, ,d,o,c,u,m,e,n,t, ,(,m,)
d,o,m, ,(,m,), ,-, ,h,o,m,e, ,h,o,u,s,e, ,(,m,)
d,o,s,t,a,w,a, ,(,f,), ,-, ,d,e,l,i,v,e,r,y, ,(,f,)
d,o,s,t,ę,p, ,(,m,), ,-, ,a,c,c,e,s,s, ,(,m,)
d,o,ś,w,i,a,d,c,z,e,n,i,e, ,(,n,), ,-, ,e,x,p,e,r,i,e,n,c,e, ,(,n,)
d,o,w,ó,d, ,(,m,), ,-, ,e,v,i,d,e,n,c,e, ,p,r,o,o,f, ,(,m,)
d,r,a,b,i,n,a, ,(,f,), ,-, ,l,a,d,d,e,r, ,(,f,)
d,r,a,m,a,t, ,(,m,), ,-, ,d,r,a,m,a, ,(,m,)
d,r,e,w,n,o, ,(,n,), ,-, ,w,o,o,d, ,(,n,)
d,r,o,g,a, ,(,f,), ,-, ,r,o,a,d, ,w,a,y, ,(,f,)
d,r,u,ż,y,n,a, ,(,f,), ,-, ,t,e,a,m, ,(,f,)
d,r,z,e,w,o, ,(,n,), ,-, ,t,r,e,e, ,(,n,)
d,r,z,w,i, ,(,p,l,), ,-, ,d,o,o,r, ,(,p,l,)
d,u,c,h, ,(,m,), ,-, ,s,p,i,r,i,t, ,(,m,)
d,u,m,a, ,(,f,), ,-, ,p,r,i,d,e, ,(,f,)
d,w,a, ,(,n,), ,-, ,t,w,o, ,(,n,)
d,y,m, ,(,m,), ,-, ,s,m,o,k,e, ,(,m,)
d,y,r,e,k,t,o,r, ,(,m,), ,-, ,d,i,r,e,c,t,o,r, ,(,m,)
d,y,s,c,y,p,l,i,n,a, ,(,f,), ,-, ,d,i,s,c,i,p,l,i,n,e, ,(,f,)
d,y,s,k, ,(,m,), ,-, ,d,i,s,k, ,(,m,)
d,y,s,k,u,s,j,a, ,(,f,), ,-, ,d,i,s,c,u,s,s,i,o,n, ,(,f,)
d,y,s,t,r,y,b,u,c,j,a, ,(,f,), ,-, ,d,i,s,t,r,i,b,u,t,i,o,n, ,(,f,)
d,y,w,a,n, ,(,m,), ,-, ,c,a,r,p,e,t, ,(,m,)
d,z,i,a,d,e,k, ,(,m,), ,-, ,g,r,a,n,d,f,a,t,h,e,r, ,(,m,)
d,z,i,a,ł, ,(,m,), ,-, ,d,e,p,a,r,t,m,e,n,t, ,(,m,)
d,z,i,a,ł,a,l,n,o,ś,ć, ,(,f,), ,-, ,a,c,t,i,v,i,t,y, ,(,f,)
d,z,i,a,ł,a,n,i,e, ,(,n,), ,-, ,a,c,t,i,o,n, ,(,n,)
d,z,i,e,c,i,ń,s,t,w,o, ,(,n,), ,-, ,c,h,i,l,d,h,o,o,d, ,(,n,)
d,z,i,e,c,k,o, ,(,n,), ,-, ,b,a,b,y, ,c,h,i,l,d, ,k,i,d, ,(,n,)
d,z,i,e,l,n,i,c,a, ,(,f,), ,-, ,d,i,s,t,r,i,c,t, ,(,f,)
d,z,i,e,ń, ,(,m,), ,-, ,d,a,y, ,(,m,)
d,z,i,e,w,c,z,y,n,a, ,(,f,), ,-, ,g,i,r,l, ,g,i,r,l,f,r,i,e,n,d, ,(,f,)
d,z,i,u,r,a, ,(,f,), ,-, ,h,o,l,e, ,(,f,)
d,ź,w,i,ę,k, ,(,m,), ,-, ,s,o,u,n,d, ,(,m,)
d,z,w,o,n,e,k, ,(,m,), ,-, ,b,e,l,l, ,(,m,)
e,d,u,k,a,c,j,a, ,(,f,), ,-, ,e,d,u,c,a,t,i,o,n, ,(,f,)
e,f,e,k,t, ,(,m,), ,-, ,e,f,f,e,c,t, ,(,m,)
e,g,z,a,m,i,n, ,(,m,), ,-, ,e,x,a,m, ,e,x,a,m,i,n,a,t,i,o,n, ,(,m,)
e,k,o,n,o,m,i,a, ,(,f,), ,-, ,e,c,o,n,o,m,i,c,s, ,(,f,)
e,k,r,a,n, ,(,m,), ,-, ,s,c,r,e,e,n, ,(,m,)
e,k,s,p,e,r,t, ,(,m,), ,-, ,e,x,p,e,r,t, ,(,m,)
e,m,e,r,y,t,u,r,a, ,(,f,), ,-, ,p,e,n,s,i,o,n, ,(,f,)
e,m,o,c,j,a, ,(,f,), ,-, ,e,m,o,t,i,o,n, ,(,f,)
e,n,e,r,g,i,a, ,(,f,), ,-, ,e,n,e,r,g,y, ,(,f,)
e,n,t,u,z,j,a,z,m, ,(,m,), ,-, ,e,n,t,h,u,s,i,a,s,m, ,(,m,)
e,s,e,j, ,(,m,), ,-, ,e,s,s,a,y, ,(,m,)
e,t,a,p, ,(,m,), ,-, ,s,t,a,g,e, ,(,m,)
f,a,c,e,t, ,(,m,), ,-, ,g,u,y, ,(,m,)
f,a,j,k,a, ,(,f,), ,-, ,p,i,p,e, ,(,f,)
f,a,k,t, ,(,m,), ,-, ,f,a,c,t, ,(,m,)
f,a,l,a, ,(,f,), ,-, ,w,a,v,e, ,(,f,)
f,a,n, ,(,m,), ,-, ,f,a,n, ,(,m,)
f,a,r,b,a, ,(,f,), ,-, ,p,a,i,n,t, ,(,f,)
f,a,r,m,a, ,(,f,), ,-, ,f,a,r,m, ,(,f,)
f,a,z,a, ,(,f,), ,-, ,p,h,a,s,e, ,(,f,)
f,i,g,u,r,a, ,(,f,), ,-, ,f,i,g,u,r,e, ,(,f,)
f,i,l,i,ż,a,n,k,a, ,(,f,), ,-, ,c,u,p, ,(,f,)
f,i,l,m, ,(,m,), ,-, ,f,i,l,m, ,m,o,v,i,e, ,(,m,)
f,i,l,o,z,o,f,i,a, ,(,f,), ,-, ,p,h,i,l,o,s,o,p,h,y, ,(,f,)
f,i,n,a,n,s,e, ,(,p,l,), ,-, ,f,i,n,a,n,c,e, ,(,p,l,)
f,i,o,l,e,t,o,w,y, ,(,m,), ,-, ,p,u,r,p,l,e, ,(,m,)
f,i,r,m,a, ,(,f,), ,-, ,c,o,m,p,a,n,y, ,(,f,)
f,i,z,y,k,a, ,(,f,), ,-, ,p,h,y,s,i,c,s, ,(,f,)
f,o,r,m,a, ,(,f,), ,-, ,f,o,r,m, ,(,f,)
f,o,r,t,u,n,a, ,(,f,), ,-, ,f,o,r,t,u,n,e, ,(,f,)
f,r,a,z,a, ,(,f,), ,-, ,p,h,r,a,s,e, ,(,f,)
f,u,n,k,c,j,a, ,(,f,), ,-, ,f,u,n,c,t,i,o,n, ,(,f,)
f,u,n,t, ,(,m,), ,-, ,p,o,u,n,d, ,(,m,)
g,a,ł,ą,ź, ,(,f,), ,-, ,b,r,a,n,c,h, ,(,f,)
g,a,r,a,ż, ,(,m,), ,-, ,g,a,r,a,g,e, ,(,m,)
g,a,r,d,ł,o, ,(,n,), ,-, ,t,h,r,o,a,t, ,(,n,)
g,a,r,n,e,k, ,(,m,), ,-, ,p,o,t, ,(,m,)
g,a,r,n,i,t,u,r, ,(,m,), ,-, ,s,u,i,t, ,(,m,)
g,a,z, ,(,m,), ,-, ,g,a,s, ,(,m,)
g,a,z,e,t,a, ,(,f,), ,-, ,n,e,w,s,p,a,p,e,r, ,(,f,)
g,e,n, ,(,m,), ,-, ,g,e,n,e, ,(,m,)
g,i,t,a,r,a, ,(,f,), ,-, ,g,u,i,t,a,r, ,(,f,)
g,l,e,b,a, ,(,f,), ,-, ,s,o,i,l, ,(,f,)
g,ł,ę,b,o,k,o,ś,ć, ,(,f,), ,-, ,d,e,p,t,h, ,(,f,)
g,ł,o,s, ,(,m,), ,-, ,v,o,i,c,e, ,(,m,)
g,ł,o,w,a, ,(,f,), ,-, ,h,e,a,d, ,(,f,)
g,o,d,z,i,n,a, ,(,f,), ,-, ,h,o,u,r, ,(,f,)
g,o,l,f, ,(,m,), ,-, ,g,o,l,f, ,(,m,)
g,ó,r,a, ,(,f,), ,-, ,m,o,u,n,t,a,i,n, ,(,f,)
g,o,r,z,k,i, ,(,m,), ,-, ,b,i,t,t,e,r, ,(,m,)
g,o,ś,ć, ,(,m,), ,-, ,g,u,e,s,t, ,(,m,)
g,o,s,p,o,d,a,r,k,a, ,(,f,), ,-, ,e,c,o,n,o,m,y, ,(,f,)
g,o,s,p,o,d,a,r,z, ,(,m,), ,-, ,h,o,s,t, ,(,m,)
g,o,t,ó,w,k,a, ,(,f,), ,-, ,c,a,s,h, ,(,f,)
g,r,a, ,(,f,), ,-, ,g,a,m,e, ,(,f,)
g,r,a,n,i,c,a, ,(,f,), ,-, ,b,o,r,d,e,r, ,(,f,)
g,r,u,n,t, ,(,m,), ,-, ,g,r,o,u,n,d, ,(,m,)
g,r,u,p,a, ,(,f,), ,-, ,g,r,o,u,p, ,(,f,)
g,w,a,r,a,n,c,j,a, ,(,f,), ,-, ,g,u,a,r,a,n,t,e,e, ,(,f,)
g,w,i,a,z,d,a, ,(,f,), ,-, ,s,t,a,r, ,(,f,)
g,w,ó,ź,d,ź, ,(,m,), ,-, ,n,a,i,l, ,(,m,)
h,a,k, ,(,m,), ,-, ,h,o,o,k, ,(,m,)
h,a,ł,a,s, ,(,m,), ,-, ,n,o,i,s,e, ,(,m,)
h,a,n,d,e,l, ,(,m,), ,-, ,t,r,a,d,e, ,(,m,)
h,a,r,m,o,n,o,g,r,a,m, ,(,m,), ,-, ,s,c,h,e,d,u,l,e, ,(,m,)
h,e,r,b,a,t,a, ,(,f,), ,-, ,t,e,a, ,(,f,)
h,i,p,o,t,e,k,a, ,(,f,), ,-, ,m,o,r,t,g,a,g,e, ,(,f,)
h,i,s,t,o,r,i,a, ,(,f,), ,-, ,h,i,s,t,o,r,y, ,(,f,)
h,i,s,t,o,r,y,k, ,(,m,), ,-, ,h,i,s,t,o,r,i,a,n, ,(,m,)
h,o,r,r,o,r, ,(,m,), ,-, ,h,o,r,r,o,r, ,(,m,)
h,o,t,e,l, ,(,m,), ,-, ,h,o,t,e,l, ,(,m,)
h,r,a,b,s,t,w,o, ,(,n,), ,-, ,c,o,u,n,t,y, ,(,n,)
i,d,e,a,ł, ,(,m,), ,-, ,i,d,e,a,l, ,(,m,)
i,l,o,ś,ć, ,(,f,), ,-, ,a,m,o,u,n,t, ,q,u,a,n,t,i,t,y, ,(,f,)
i,m,p,r,e,z,a, ,(,f,), ,-, ,p,a,r,t,y, ,(,f,)
i,n,c,y,d,e,n,t, ,(,m,), ,-, ,i,n,c,i,d,e,n,t, ,(,m,)
i,n,f,l,a,c,j,a, ,(,f,), ,-, ,i,n,f,l,a,t,i,o,n, ,(,f,)
i,n,f,o,r,m,a,c,j,a, ,(,f,), ,-, ,i,n,f,o,r,m,a,t,i,o,n, ,(,f,)
i,n,i,c,j,a,t,y,w,a, ,(,f,), ,-, ,i,n,i,t,i,a,t,i,v,e, ,(,f,)
i,n,s,p,e,k,c,j,a, ,(,f,), ,-, ,i,n,s,p,e,c,t,i,o,n, ,(,f,)
i,n,s,p,e,k,t,o,r, ,(,m,), ,-, ,i,n,s,p,e,c,t,o,r, ,(,m,)
i,n,s,t,a,n,c,j,a, ,(,f,), ,-, ,i,n,s,t,a,n,c,e, ,(,f,)
i,n,s,t,r,u,k,c,j,a, ,(,f,), ,-, ,i,n,s,t,r,u,c,t,i,o,n, ,(,f,)
i,n,s,t,y,t,u,c,j,a, ,(,f,), ,-, ,e,s,t,a,b,l,i,s,h,m,e,n,t, ,(,f,)
i,n,t,e,n,c,j,a, ,(,f,), ,-, ,i,n,t,e,n,t,i,o,n, ,(,f,)
i,n,t,e,r,a,k,c,j,a, ,(,f,), ,-, ,i,n,t,e,r,a,c,t,i,o,n, ,(,f,)
i,n,t,e,r,n,e,t, ,(,m,), ,-, ,i,n,t,e,r,n,e,t, ,(,m,)
i,n,w,e,s,t,y,c,j,a, ,(,f,), ,-, ,i,n,v,e,s,t,m,e,n,t, ,(,f,)
i,n,ż,y,n,i,e,r, ,(,m,), ,-, ,e,n,g,i,n,e,e,r, ,(,m,)
i,n,ż,y,n,i,e,r,i,a, ,(,f,), ,-, ,e,n,g,i,n,e,e,r,i,n,g, ,(,f,)
j,a, ,(,f,), ,-, ,s,e,l,f, ,(,f,)
j,a,b,ł,k,o, ,(,n,), ,-, ,a,p,p,l,e, ,(,n,)
j,a,j,k,o, ,(,n,), ,-, ,e,g,g, ,(,n,)
j,a,k,o,ś,ć, ,(,f,), ,-, ,q,u,a,l,i,t,y, ,(,f,)
j,e,d,n,o,s,t,k,a, ,(,f,), ,-, ,u,n,i,t, ,(,f,)
j,e,d,z,e,n,i,e, ,(,n,), ,-, ,f,o,o,d, ,(,n,)
j,e,z,i,o,r,o, ,(,n,), ,-, ,l,a,k,e, ,(,n,)
j,ę,z,y,k, ,(,m,), ,-, ,l,a,n,g,u,a,g,e, ,t,o,n,g,u,e, ,(,m,)
k,a,b,e,l, ,(,m,), ,-, ,c,a,b,l,e, ,(,m,)
k,a,l,e,n,d,a,r,z, ,(,m,), ,-, ,c,a,l,e,n,d,a,r, ,(,m,)
k,a,m,p,a,n,i,a, ,(,f,), ,-, ,c,a,m,p,a,i,g,n, ,(,f,)
k,a,n,a,ł, ,(,m,), ,-, ,c,h,a,n,n,e,l, ,(,m,)
k,a,n,a,p,k,a, ,(,f,), ,-, ,s,a,n,d,w,i,c,h, ,(,f,)
k,a,n,d,y,d,a,t, ,(,m,), ,-, ,c,a,n,d,i,d,a,t,e, ,(,m,)
k,a,p,e,l,u,s,z, ,(,m,), ,-, ,h,a,t, ,(,m,)
k,ą,p,i,e,l, ,(,f,), ,-, ,b,a,t,h, ,(,f,)
k,a,p,i,t,a,ł, ,(,m,), ,-, ,c,a,p,i,t,a,l, ,(,m,)
k,a,r,a, ,(,f,), ,-, ,p,e,n,a,l,t,y, ,(,f,)
k,a,r,i,e,r,a, ,(,f,), ,-, ,c,a,r,e,e,r, ,(,f,)
k,a,r,t,a, ,(,f,), ,-, ,c,a,r,d, ,(,f,)
k,a,s,a, ,(,f,), ,-, ,t,i,l,l, ,(,f,)
k,ą,t, ,(,m,), ,-, ,a,n,g,l,e, ,(,m,)
k,a,t,a,s,t,r,o,f,a, ,(,f,), ,-, ,d,i,s,a,s,t,e,r, ,(,f,)
k,a,t,e,g,o,r,i,a, ,(,f,), ,-, ,c,a,t,e,g,o,r,y, ,(,f,)
k,a,w,a, ,(,f,), ,-, ,c,o,f,f,e,e, ,(,f,)
k,a,w,a,ł,e,k, ,(,m,), ,-, ,p,i,e,c,e, ,(,m,)
k,i,e,r,o,w,c,a, ,(,m,), ,-, ,d,r,i,v,e,r, ,(,m,)
k,i,e,r,u,n,e,k, ,(,m,), ,-, ,d,i,r,e,c,t,i,o,n, ,(,m,)
k,i,j, ,(,m,), ,-, ,b,a,t, ,(,m,)
k,i,ś,ć, ,(,f,), ,-, ,b,u,n,c,h, ,(,f,)
k,ł,a,m,s,t,w,o, ,(,n,), ,-, ,l,i,e, ,(,n,)
k,l,a,s,a, ,(,f,), ,-, ,c,l,a,s,s, ,(,f,)
k,l,a,t,k,a, ,p,i,e,r,s,i,o,w,a, ,(,f,), ,-, ,c,h,e,s,t, ,p,i,e,r,s,i,o,w,a
k,l,i,e,n,t, ,(,m,), ,-, ,c,l,i,e,n,t, ,c,u,s,t,o,m,e,r, ,(,m,)
k,l,i,k,n,i,ę,c,i,e, ,(,n,), ,-, ,c,l,i,c,k, ,(,n,)
k,l,i,m,a,t, ,(,m,), ,-, ,c,l,i,m,a,t,e, ,(,m,)
k,ł,o,d,a, ,(,f,), ,-, ,l,o,g, ,(,f,)
k,ł,o,p,o,t, ,(,m,), ,-, ,b,o,t,h,e,r, ,t,r,o,u,b,l,e, ,(,m,)
k,l,u,b, ,(,m,), ,-, ,c,l,u,b, ,(,m,)
k,l,u,c,z, ,(,m,), ,-, ,k,e,y, ,(,m,)
k,o,b,i,e,t,a, ,(,f,), ,-, ,w,o,m,a,n, ,(,f,)
k,o,d, ,(,m,), ,-, ,c,o,d,e, ,(,m,)
k,o,l,a,n,o, ,(,n,), ,-, ,k,n,e,e, ,(,n,)
k,o,l,e,g,a, ,(,m,), ,-, ,m,a,t,e, ,(,m,)
k,o,l,e,j,n,o,ś,ć, ,(,f,), ,-, ,o,r,d,e,r, ,(,f,)
k,o,l,e,k,c,j,a, ,(,f,), ,-, ,c,o,l,l,e,c,t,i,o,n, ,(,f,)
k,o,ł,o, ,(,n,), ,-, ,w,h,e,e,l, ,(,n,)
k,o,m,b,i,n,a,c,j,a, ,(,f,), ,-, ,c,o,m,b,i,n,a,t,i,o,n, ,(,f,)
k,o,m,e,n,t,a,r,z, ,(,m,), ,-, ,c,o,m,m,e,n,t, ,(,m,)
k,o,m,f,o,r,t, ,(,m,), ,-, ,c,o,m,f,o,r,t, ,(,m,)
k,o,m,i,s,j,a, ,(,f,), ,-, ,c,o,m,m,i,s,s,i,o,n, ,(,f,)
k,o,m,i,t,e,t, ,(,m,), ,-, ,c,o,m,m,i,t,t,e,e, ,(,m,)
k,o,m,ó,r,k,a, ,(,f,), ,-, ,c,e,l,l, ,(,f,)
k,o,m,p,u,t,e,r, ,(,m,), ,-, ,c,o,m,p,u,t,e,r, ,(,m,)
k,o,m,u,n,i,k,a,c,j,a, ,(,f,), ,-, ,c,o,m,m,u,n,i,c,a,t,i,o,n, ,(,f,)
k,o,ń, ,(,m,), ,-, ,h,o,r,s,e, ,(,m,)
k,o,n,c,e,r,t, ,(,m,), ,-, ,c,o,n,c,e,r,t, ,(,m,)
k,o,n,f,e,r,e,n,c,j,a, ,(,f,), ,-, ,c,o,n,f,e,r,e,n,c,e, ,(,f,)
k,o,n,i,e,c, ,(,m,), ,-, ,e,n,d, ,(,m,)
k,o,n,k,u,r,e,n,c,j,a, ,(,f,), ,-, ,c,o,m,p,e,t,i,t,i,o,n, ,(,f,)
k,o,n,k,u,r,s, ,(,m,), ,-, ,c,o,n,t,e,s,t, ,(,m,)
k,o,n,s,e,k,w,e,n,c,j,a, ,(,f,), ,-, ,c,o,n,s,e,q,u,e,n,c,e, ,(,f,)
k,o,n,s,e,r,w,a,c,j,a, ,(,f,), ,-, ,m,a,i,n,t,e,n,a,n,c,e, ,(,f,)
k,o,n,s,t,r,u,k,c,j,a, ,(,f,), ,-, ,c,o,n,s,t,r,u,c,t,i,o,n, ,(,f,)
k,o,n,t,a,k,t, ,(,m,), ,-, ,c,o,n,t,a,c,t, ,(,m,)
k,o,n,t,e,k,s,t, ,(,m,), ,-, ,c,o,n,t,e,x,t, ,(,m,)
k,o,n,t,o, ,(,n,), ,-, ,a,c,c,o,u,n,t, ,(,n,)
k,o,n,t,r,o,l,a, ,(,f,), ,-, ,c,o,n,t,r,o,l, ,(,f,)
k,o,n,t,u,z,j,a, ,(,f,), ,-, ,i,n,j,u,r,y, ,(,f,)
k,o,p,i,a, ,(,f,), ,-, ,c,o,p,y, ,(,f,)
k,o,r,t, ,(,m,), ,-, ,c,o,u,r,t, ,(,m,)
k,o,r,z,y,ś,ć, ,(,f,), ,-, ,b,e,n,e,f,i,t, ,(,f,)
k,o,ś,ć, ,(,f,), ,-, ,b,o,n,e, ,(,f,)
k,o,ś,c,i,ó,ł, ,(,m,), ,-, ,c,h,u,r,c,h, ,(,m,)
k,o,s,z,u,l,a, ,(,f,), ,-, ,s,h,i,r,t, ,(,f,)
k,o,s,z,y,k, ,(,m,), ,-, ,b,a,s,k,e,t, ,(,m,)
k,o,t, ,(,m,), ,-, ,c,a,t, ,(,m,)
k,r,a,j, ,(,m,), ,-, ,c,o,u,n,t,r,y, ,(,m,)
k,r,a,j,o,b,r,a,z, ,(,m,), ,-, ,l,a,n,d,s,c,a,p,e, ,(,m,)
k,r,a,w,ę,d,ź, ,(,f,), ,-, ,e,d,g,e, ,(,f,)
k,r,e,d,y,t, ,(,m,), ,-, ,c,r,e,d,i,t, ,(,m,)
k,r,e,w, ,(,f,), ,-, ,b,l,o,o,d, ,(,f,)
k,r,e,w,n,y, ,(,m,), ,-, ,r,e,l,a,t,i,v,e, ,(,m,)
k,r,o,k, ,(,m,), ,-, ,s,t,e,p, ,(,m,)
k,r,ó,l, ,(,m,), ,-, ,k,i,n,g, ,(,m,)
k,r,ó,l,o,w,a, ,(,f,), ,-, ,q,u,e,e,n, ,(,f,)
k,r,o,m,k,a, ,(,f,), ,-, ,s,l,i,c,e, ,(,f,)
k,r,o,p,k,a, ,(,f,), ,-, ,d,o,t, ,(,f,)
k,r,o,p,l,a, ,(,f,), ,-, ,d,r,o,p, ,(,f,)
k,r,o,w,a, ,(,f,), ,-, ,c,o,w, ,(,f,)
k,r,y,t,y,k,a, ,(,f,), ,-, ,c,r,i,t,i,c,i,s,m, ,(,f,)
k,r,z,e,s,ł,o, ,(,n,), ,-, ,c,h,a,i,r, ,(,n,)
k,r,z,y,w,a, ,(,f,), ,-, ,c,u,r,v,e, ,(,f,)
k,s,i,ą,d,z, ,(,m,), ,-, ,p,r,i,e,s,t, ,(,m,)
k,s,i,ą,ż,k,a, ,(,f,), ,-, ,b,o,o,k, ,(,f,)
k,s,z,t,a,ł,t, ,(,m,), ,-, ,s,h,a,p,e, ,(,m,)
k,u,c,h,n,i,a, ,(,f,), ,-, ,k,i,t,c,h,e,n, ,(,f,)
k,u,l,t,u,r,a, ,(,f,), ,-, ,c,u,l,t,u,r,e, ,(,f,)
k,u,m,p,e,l, ,(,m,), ,-, ,b,u,d,d,y, ,(,m,)
k,u,p,u,j,ą,c,y, ,(,m,), ,-, ,b,u,y,e,r, ,(,m,)
k,u,r,c,z,a,k, ,(,m,), ,-, ,c,h,i,c,k,e,n, ,(,m,)
k,u,r,o,r,t, ,(,m,), ,-, ,r,e,s,o,r,t, ,(,m,)
k,u,r,s, ,(,m,), ,-, ,c,o,u,r,s,e, ,(,m,)
k,u,r,z, ,(,m,), ,-, ,d,u,s,t, ,(,m,)
k,u,z,y,n, ,(,m,), ,-, ,c,o,u,s,i,n, ,(,m,)
k,w,a,d,r,a,t, ,(,m,), ,-, ,s,q,u,a,r,e, ,(,m,)
k,w,i,a,t, ,(,m,), ,-, ,f,l,o,w,e,r, ,(,m,)
l,a,b,o,r,a,t,o,r,i,u,m, ,(,n,), ,-, ,l,a,b, ,(,n,)
l,a,d,a, ,(,f,), ,-, ,c,o,u,n,t,e,r, ,(,f,)
ł,a,d,u,n,e,k, ,(,m,), ,-, ,l,o,a,d, ,(,m,)
ł,a,ń,c,u,c,h, ,(,m,), ,-, ,c,h,a,i,n, ,(,m,)
ł,a,p,a,ć, ,(,n,), ,-, ,c,a,t,c,h, ,(,n,)
l,a,t,o, ,(,n,), ,-, ,s,u,m,m,e,r, ,(,n,)
ł,a,t,w,o,ś,ć, ,(,f,), ,-, ,e,a,s,e, ,(,f,)
ł,a,w,a, ,p,r,z,y,s,i,ę,g,ł,y,c,h, ,(,f,), ,-, ,j,u,r,y, ,p,r,z,y,s,i,ę,g,ł,y,c,h
ł,a,w,k,a, ,(,f,), ,-, ,b,e,n,c,h, ,(,f,)
ł,a,z,i,e,n,k,a, ,(,f,), ,-, ,b,a,t,h,r,o,o,m, ,(,f,)
l,e,k,a,r,z, ,(,m,), ,-, ,d,o,c,t,o,r, ,(,m,)
l,e,k,c,j,a, ,(,f,), ,-, ,l,e,s,s,o,n, ,(,f,)
l,i,c,z,b,a, ,(,f,), ,-, ,n,u,m,b,e,r, ,(,f,)
l,i,d,e,r, ,(,m,), ,-, ,l,e,a,d,e,r, ,(,m,)
l,i,g,a, ,(,f,), ,-, ,l,e,a,g,u,e, ,(,f,)
l,i,m,i,t, ,(,m,), ,-, ,l,i,m,i,t, ,(,m,)
l,i,n,a, ,(,f,), ,-, ,r,o,p,e, ,(,f,)
l,i,n,i,a, ,(,f,), ,-, ,l,i,n,e, ,(,f,)
l,i,n,i,a, ,l,o,t,n,i,c,z,a, ,(,f,), ,-, ,a,i,r,l,i,n,e, ,l,o,t,n,i,c,z,a
l,i,n,k, ,(,m,), ,-, ,l,i,n,k, ,(,m,)
l,i,s,t,a, ,(,f,), ,-, ,l,i,s,t, ,(,f,)
l,i,t,e,r,a, ,(,f,), ,-, ,l,e,t,t,e,r, ,(,f,)
l,i,t,e,r,a,t,u,r,a, ,(,f,), ,-, ,l,i,t,e,r,a,t,u,r,e, ,(,f,)
l,ó,d, ,(,m,), ,-, ,i,c,e, ,(,m,)
l,o,d,ó,w,k,a, ,(,f,), ,-, ,r,e,f,r,i,g,e,r,a,t,o,r, ,(,f,)
ł,ó,d,ź, ,(,f,), ,-, ,b,o,a,t, ,(,f,)
l,o,k,a,l,i,z,a,c,j,a, ,(,f,), ,-, ,l,o,c,a,t,i,o,n, ,(,f,)
l,o,t, ,(,m,), ,-, ,f,l,i,g,h,t, ,(,m,)
l,o,t,n,i,s,k,o, ,(,n,), ,-, ,a,i,r,p,o,r,t, ,(,n,)
ł,o,w,i,e,n,i,e, ,(,n,), ,-, ,t,a,c,k,l,e, ,(,n,)
ł,ó,ż,k,o, ,(,n,), ,-, ,b,e,d, ,(,n,)
l,u,d,z,i,e, ,(,m,), ,-, ,p,e,o,p,l,e, ,(,m,)
l,u,k,a, ,(,f,), ,-, ,g,a,p, ,(,f,)
l,u,n,c,h, ,(,m,), ,-, ,l,u,n,c,h, ,(,m,)
l,u,s,t,r,o, ,(,n,), ,-, ,m,i,r,r,o,r, ,(,n,)
m,a,g,a,z,y,n, ,(,m,), ,-, ,m,a,g,a,z,i,n,e, ,(,m,)
m,a,k,s,i,m,u,m, ,(,n,), ,-, ,m,a,x,i,m,u,m, ,(,n,)
m,a,l,o,w,a,n,i,e, ,(,n,), ,-, ,p,a,i,n,t,i,n,g, ,(,n,)
m,a,ł,ż,e,ń,s,t,w,o, ,(,n,), ,-, ,m,a,r,r,i,a,g,e, ,(,n,)
m,a,m,a, ,(,f,), ,-, ,m,o,m, ,(,f,)
m,a,p,a, ,(,f,), ,-, ,m,a,p, ,(,f,)
m,a,r,k,e,t,i,n,g, ,(,m,), ,-, ,m,a,r,k,e,t,i,n,g, ,(,m,)
m,a,r,y,n,a,r,k,a, ,(,f,), ,-, ,j,a,c,k,e,t, ,(,f,)
m,a,s,z,y,n,a, ,(,f,), ,-, ,m,a,c,h,i,n,e, ,(,f,)
m,a,t,e,m,a,t,y,k,a, ,(,f,), ,-, ,m,a,t,h, ,(,f,)
m,a,t,e,r,i,a,ł, ,(,m,), ,-, ,m,a,t,e,r,i,a,l, ,(,m,)
m,a,t,k,a, ,(,f,), ,-, ,m,o,t,h,e,r, ,(,f,)
m,ą,ż, ,(,m,), ,-, ,h,u,s,b,a,n,d, ,(,m,)
m,e,c,z, ,(,m,), ,-, ,m,a,t,c,h, ,(,m,)
m,e,d,i,a, ,(,p,l,), ,-, ,m,e,d,i,a, ,(,p,l,)
m,e,d,i,u,m, ,(,n,), ,-, ,m,e,d,i,u,m, ,(,n,)
m,e,d,y,c,y,n,a, ,(,f,), ,-, ,m,e,d,i,c,i,n,e, ,(,f,)
m,e,l,o,d,i,a, ,(,f,), ,-, ,t,u,n,e, ,(,f,)
m,e,n,a,d,ż,e,r, ,(,m,), ,-, ,m,a,n,a,g,e,r, ,(,m,)
m,e,n,u, ,(,n,), ,-, ,m,e,n,u, ,(,n,)
m,e,t,a,l, ,(,m,), ,-, ,m,e,t,a,l, ,(,m,)
m,e,t,o,d,a, ,(,f,), ,-, ,m,e,t,h,o,d, ,(,f,)
m,i,a,s,t,o, ,(,n,), ,-, ,c,i,t,y, ,t,o,w,n, ,(,n,)
m,i,e,j,s,c,e, ,(,n,), ,-, ,p,l,a,c,e, ,s,p,o,t, ,(,n,)
m,i,e,s,i,ą,c, ,(,m,), ,-, ,m,o,n,t,h, ,(,m,)
m,i,ę,s,i,e,ń, ,(,m,), ,-, ,m,u,s,c,l,e, ,(,m,)
m,i,ę,s,o, ,(,n,), ,-, ,m,e,a,t, ,(,n,)
m,i,e,s,z,a,n,k,a, ,(,f,), ,-, ,m,i,x,t,u,r,e, ,(,f,)
m,i,e,s,z,k,a,n,i,e, ,(,n,), ,-, ,h,o,u,s,i,n,g, ,(,n,)
m,i,e,s,z,k,a,n,i,e,c, ,(,m,), ,-, ,r,e,s,i,d,e,n,t, ,(,m,)
m,i,ł,o,ś,ć, ,(,f,), ,-, ,l,o,v,e, ,(,f,)
m,i,n,i,m,u,m, ,(,n,), ,-, ,m,i,n,i,m,u,m, ,(,n,)
m,i,n,u,t,a, ,(,f,), ,-, ,m,i,n,u,t,e, ,(,f,)
m,i,ó,d, ,(,m,), ,-, ,h,o,n,e,y, ,(,m,)
m,i,s,j,a, ,(,f,), ,-, ,m,i,s,s,i,o,n, ,(,f,)
m,i,s,k,a, ,(,f,), ,-, ,b,o,w,l, ,(,f,)
m,i,s,t,r,z, ,(,m,), ,-, ,c,h,a,m,p,i,o,n, ,m,a,s,t,e,r, ,(,m,)
m,i,s,t,r,z,o,s,t,w,a, ,(,p,l,), ,-, ,c,h,a,m,p,i,o,n,s,h,i,p, ,(,p,l,)
m,l,e,k,o, ,(,n,), ,-, ,m,i,l,k, ,(,n,)
m,ł,o,d,o,ś,ć, ,(,f,), ,-, ,y,o,u,t,h, ,(,f,)
m,n,ó,s,t,w,o, ,(,n,), ,-, ,p,l,e,n,t,y, ,(,n,)
m,o,c, ,(,f,), ,-, ,p,o,w,e,r, ,(,f,)
m,o,d,e,l, ,(,m,), ,-, ,m,o,d,e,l, ,(,m,)
m,o,m,e,n,t, ,(,m,), ,-, ,m,o,m,e,n,t, ,(,m,)
m,o,n,i,t,o,r, ,(,m,), ,-, ,m,o,n,i,t,o,r, ,(,m,)
m,o,r,z,e, ,(,n,), ,-, ,s,e,a, ,(,n,)
m,o,s,t, ,(,m,), ,-, ,b,r,i,d,g,e, ,(,m,)
m,ó,w,c,a, ,(,m,), ,-, ,s,p,e,a,k,e,r, ,(,m,)
m,ó,z,g, ,(,m,), ,-, ,b,r,a,i,n, ,(,m,)
m,o,ż,l,i,w,o,ś,ć, ,(,f,), ,-, ,p,o,s,s,i,b,i,l,i,t,y, ,(,f,)
m,u,z,y,k,a, ,(,f,), ,-, ,m,u,s,i,c, ,(,f,)
m,y,ś,l, ,(,f,), ,-, ,t,h,o,u,g,h,t, ,(,f,)
m,y,s,z, ,(,f,), ,-, ,m,o,u,s,e, ,(,f,)
n,a, ,b,o,k, ,(,n,), ,-, ,a,s,i,d,e, ,b,o,k
n,a,c,i,s,k, ,(,m,), ,-, ,e,m,p,h,a,s,i,s, ,(,m,)
n,a,d,z,i,e,j,a, ,(,f,), ,-, ,h,o,p,e, ,(,f,)
n,a,g,ł,y, ,w,y,p,a,d,e,k, ,(,m,), ,-, ,e,m,e,r,g,e,n,c,y, ,w,y,p,a,d,e,k
n,a,g,r,a,n,i,e, ,(,n,), ,-, ,r,e,c,o,r,d,i,n,g, ,(,n,)
n,a,g,r,o,d,a, ,(,f,), ,-, ,a,w,a,r,d, ,p,r,i,z,e, ,r,e,w,a,r,d, ,(,f,)
n,a,p,i,ę,c,i,e, ,(,n,), ,-, ,t,e,n,s,i,o,n, ,(,n,)
n,a,r,ó,d, ,(,m,), ,-, ,n,a,t,i,o,n, ,(,m,)
n,a,r,o,d,z,i,n,y, ,(,p,l,), ,-, ,b,i,r,t,h, ,(,p,l,)
n,a,r,z,ę,d,z,i,e, ,(,n,), ,-, ,i,m,p,l,e,m,e,n,t, ,t,o,o,l, ,(,n,)
n,a,s,t,r,ó,j, ,(,m,), ,-, ,m,o,o,d, ,(,m,)
n,a,t,u,r,a, ,(,f,), ,-, ,n,a,t,u,r,e, ,(,f,)
n,a,u,c,z,a,n,i,e, ,(,n,), ,-, ,t,e,a,c,h,i,n,g, ,(,n,)
n,a,u,c,z,y,c,i,e,l, ,(,m,), ,-, ,t,e,a,c,h,e,r, ,(,m,)
n,a,u,k,a, ,(,f,), ,-, ,s,c,i,e,n,c,e, ,s,t,u,d,y, ,(,f,)
n,a,w,y,k, ,(,m,), ,-, ,h,a,b,i,t, ,(,m,)
n,a,z,w,a, ,(,f,), ,-, ,n,a,m,e, ,(,f,)
n,e,g,o,c,j,a,c,j,e, ,(,p,l,), ,-, ,n,e,g,o,t,i,a,t,i,o,n, ,(,p,l,)
n,e,r,w, ,(,m,), ,-, ,n,e,r,v,e, ,(,m,)
n,i,c, ,(,n,), ,-, ,n,o,t,h,i,n,g, ,(,n,)
n,i,e,b,i,e,s,k,i, ,(,m,), ,-, ,b,l,u,e, ,(,m,)
n,i,e,b,o, ,(,n,), ,-, ,s,k,y, ,(,n,)
n,i,e,p,o,k,ó,j, ,(,m,), ,-, ,a,n,x,i,e,t,y, ,(,m,)
n,i,e,s,p,o,d,z,i,a,n,k,a, ,(,f,), ,-, ,s,u,r,p,r,i,s,e, ,(,f,)
n,i,e,w,i,d,o,m,y, ,(,m,), ,-, ,b,l,i,n,d, ,(,m,)
n,i,e,z,a,l,e,ż,n,o,ś,ć, ,(,f,), ,-, ,i,n,d,e,p,e,n,d,e,n,c,e, ,(,f,)
n,o,c, ,(,f,), ,-, ,n,i,g,h,t, ,(,f,)
n,o,g,a, ,(,f,), ,-, ,l,e,g, ,(,f,)
n,o,s, ,(,m,), ,-, ,n,o,s,e, ,(,m,)
n,o,s,z,e,n,i,e, ,(,n,), ,-, ,c,a,r,r,y, ,(,n,)
n,ó,ż, ,(,m,), ,-, ,k,n,i,f,e, ,(,m,)
n,u,t,a, ,(,f,), ,-, ,n,o,t,e, ,(,f,)
o,b,c,y, ,(,m,), ,-, ,s,t,r,a,n,g,e,r, ,(,m,)
o,b,e,c,n,o,ś,ć, ,(,f,), ,-, ,p,r,e,s,e,n,c,e, ,(,f,)
o,b,i,a,d, ,(,m,), ,-, ,d,i,n,n,e,r, ,(,m,)
o,b,i,e,t,n,i,c,a, ,(,f,), ,-, ,p,r,o,m,i,s,e, ,(,f,)
o,b,j,ę,t,o,ś,ć, ,(,f,), ,-, ,v,o,l,u,m,e, ,(,f,)
o,b,o,w,i,ą,z,e,k, ,(,m,), ,-, ,d,u,t,y, ,(,m,)
o,b,ó,z, ,(,m,), ,-, ,c,a,m,p, ,(,m,)
o,b,r,a,z, ,(,m,), ,-, ,i,m,a,g,e, ,p,i,c,t,u,r,e, ,(,m,)
o,b,r,o,ż,a, ,(,f,), ,-, ,c,o,l,l,a,r, ,(,f,)
o,b,s,z,a,r, ,(,m,), ,-, ,a,r,e,a, ,(,m,)
o,c,h,r,o,n,a, ,(,f,), ,-, ,p,r,o,t,e,c,t,i,o,n, ,(,f,)
o,d,d,e,c,h, ,(,m,), ,-, ,b,r,e,a,t,h, ,(,m,)
o,d,j,a,z,d, ,(,m,), ,-, ,d,e,p,a,r,t,u,r,e, ,(,m,)
o,d,k,r,y,c,i,e, ,(,n,), ,-, ,f,i,n,d,i,n,g, ,(,n,)
o,d,l,e,g,ł,o,ś,ć, ,(,f,), ,-, ,d,i,s,t,a,n,c,e, ,(,f,)
o,d,n,i,e,s,i,e,n,i,e, ,(,n,), ,-, ,r,e,f,e,r,e,n,c,e, ,(,n,)
o,d,p,o,w,i,e,d,ź, ,(,f,), ,-, ,a,n,s,w,e,r, ,r,e,s,p,o,n,s,e, ,(,f,)
o,d,p,o,w,i,e,d,z,i,a,l,n,o,ś,ć, ,(,f,), ,-, ,r,e,s,p,o,n,s,i,b,i,l,i,t,y, ,(,f,)
o,d,w,a,g,a, ,(,f,), ,-, ,c,o,u,r,a,g,e, ,(,f,)
o,f,e,r,t,a, ,(,f,), ,-, ,b,i,d, ,(,f,)
o,f,i,c,e,r, ,(,m,), ,-, ,o,f,f,i,c,e,r, ,(,m,)
o,g,i,e,ń, ,(,m,), ,-, ,f,i,r,e, ,(,m,)
o,g,ł,o,s,z,e,n,i,e, ,(,n,), ,-, ,a,d, ,(,n,)
o,g,r,ó,d, ,(,m,), ,-, ,g,a,r,d,e,n, ,(,m,)
o,j,c,i,e,c, ,(,m,), ,-, ,f,a,t,h,e,r, ,(,m,)
o,k,a,z,j,a, ,(,f,), ,-, ,o,c,c,a,s,i,o,n, ,o,p,p,o,r,t,u,n,i,t,y, ,(,f,)
o,k,n,o, ,(,n,), ,-, ,w,i,n,d,o,w, ,(,n,)
o,k,o, ,(,n,), ,-, ,e,y,e, ,(,n,)
o,k,r,e,s, ,(,m,), ,-, ,p,e,r,i,o,d, ,(,m,)
o,l,e,j, ,(,m,), ,-, ,o,i,l, ,(,m,)
o,p,c,j,a, ,(,f,), ,-, ,o,p,t,i,o,n, ,(,f,)
o,p,e,r,a,c,j,a, ,(,f,), ,-, ,o,p,e,r,a,t,i,o,n, ,s,u,r,g,e,r,y, ,(,f,)
o,p,i,e,k,a, ,(,f,), ,-, ,c,a,r,e, ,(,f,)
o,p,i,n,i,a, ,(,f,), ,-, ,f,e,e,d,b,a,c,k, ,o,p,i,n,i,o,n, ,(,f,)
o,p,i,s, ,(,m,), ,-, ,d,e,s,c,r,i,p,t,i,o,n, ,(,m,)
o,p,ł,a,t,a, ,(,f,), ,-, ,f,e,e, ,(,f,)
o,p,o,w,i,e,ś,ć, ,(,f,), ,-, ,t,a,l,e, ,(,f,)
o,p,r,o,g,r,a,m,o,w,a,n,i,e, ,(,n,), ,-, ,s,o,f,t,w,a,r,e, ,(,n,)
o,r,g,a,n,i,z,a,c,j,a, ,(,f,), ,-, ,o,r,g,a,n,i,z,a,t,i,o,n, ,(,f,)
o,r,g,a,n,i,z,a,c,j,a, ,c,h,a,r,y,t,a,t,y,w,n,a, ,(,f,), ,-, ,c,h,a,r,i,t,y, ,c,h,a,r,y,t,a,t,y,w,n,a
o,s,ą,d, ,(,m,), ,-, ,j,u,d,g,m,e,n,t, ,(,m,)
o,s,o,b,a, ,(,f,), ,-, ,p,e,r,s,o,n, ,(,f,)
o,s,o,b,o,w,o,ś,ć, ,(,f,), ,-, ,p,e,r,s,o,n,a,l,i,t,y, ,(,f,)
o,s,t,r,z,e,ż,e,n,i,e, ,(,n,), ,-, ,w,a,r,n,i,n,g, ,(,n,)
o,ś,w,i,a,d,c,z,e,n,i,e, ,(,n,), ,-, ,s,t,a,t,e,m,e,n,t, ,(,n,)
o,s,z,c,z,ę,d,n,o,ś,c,i, ,(,p,l,), ,-, ,s,a,v,i,n,g,s, ,(,p,l,)
o,t,o,c,z,e,n,i,e, ,(,n,), ,-, ,s,e,t,t,i,n,g, ,(,n,)
o,t,w,a,r,c,i,e, ,(,n,), ,-, ,o,p,e,n,i,n,g, ,(,n,)
o,w,a,d, ,(,m,), ,-, ,i,n,s,e,c,t, ,(,m,)
o,w,o,c, ,(,m,), ,-, ,f,r,u,i,t, ,(,m,)
p,a,c,j,e,n,t, ,(,m,), ,-, ,p,a,t,i,e,n,t, ,(,m,)
p,a,c,z,k,a, ,(,f,), ,-, ,p,a,c,k, ,p,a,c,k,a,g,e, ,(,f,)
p,a,l,e,c, ,(,m,), ,-, ,f,i,n,g,e,r, ,(,m,)
p,a,l,e,c, ,u, ,n,o,g,i, ,(,m,), ,-, ,t,o,e, ,u
p,a,l,i,w,o, ,(,n,), ,-, ,f,u,e,l, ,(,n,)
p,a,m,i,ę,ć, ,(,f,), ,-, ,m,e,m,o,r,y, ,(,f,)
p,a,n, ,(,m,), ,-, ,s,i,r, ,(,m,)
p,a,n,i, ,(,f,), ,-, ,l,a,d,y, ,(,f,)
p,a,n,i,k,a, ,(,f,), ,-, ,p,a,n,i,c, ,(,f,)
p,a,p,i,e,r, ,(,m,), ,-, ,p,a,p,e,r, ,(,m,)
p,a,p,i,e,r,o,s, ,(,m,), ,-, ,c,i,g,a,r,e,t,t,e, ,(,m,)
p,a,r,a, ,(,f,), ,-, ,c,o,u,p,l,e, ,p,a,i,r, ,(,f,)
p,a,r,k, ,(,m,), ,-, ,p,a,r,k, ,(,m,)
p,a,r,k,i,n,g, ,(,m,), ,-, ,p,a,r,k,i,n,g, ,(,m,)
p,a,r,t,n,e,r, ,(,m,), ,-, ,p,a,r,t,n,e,r, ,(,m,)
p,a,s,a,ż,e,r, ,(,m,), ,-, ,p,a,s,s,e,n,g,e,r, ,(,m,)
p,a,s,e,k, ,(,m,), ,-, ,b,e,l,t, ,(,m,)
p,a,s,j,a, ,(,f,), ,-, ,p,a,s,s,i,o,n, ,(,f,)
p,a,t,y,k, ,(,m,), ,-, ,s,t,i,c,k, ,(,m,)
p,a,u,z,a, ,(,f,), ,-, ,p,a,u,s,e, ,(,f,)
p,ę,d,z,e,l, ,(,m,), ,-, ,b,r,u,s,h, ,(,m,)
p,ę,k,n,i,ę,c,i,e, ,(,n,), ,-, ,c,r,a,c,k, ,(,n,)
p,e,n,s,j,a, ,(,f,), ,-, ,s,a,l,a,r,y, ,(,f,)
p,e,r,c,e,p,c,j,a, ,(,f,), ,-, ,p,e,r,c,e,p,t,i,o,n, ,(,f,)
p,e,r,o,n, ,(,m,), ,-, ,p,l,a,t,f,o,r,m, ,(,m,)
p,e,r,s,o,n,e,l, ,(,m,), ,-, ,s,t,a,f,f, ,(,m,)
p,e,r,s,p,e,k,t,y,w,a, ,(,f,), ,-, ,p,e,r,s,p,e,c,t,i,v,e, ,(,f,)
p,e,w,n,o,ś,ć, ,s,i,e,b,i,e, ,(,f,), ,-, ,c,o,n,f,i,d,e,n,c,e, ,s,i,e,b,i,e
p,i,a,n,i,n,o, ,(,n,), ,-, ,p,i,a,n,o, ,(,n,)
p,i,a,s,e,k, ,(,m,), ,-, ,s,a,n,d, ,(,m,)
p,i,e,c, ,(,m,), ,-, ,b,a,k,e, ,(,m,)
p,i,e,k,a,r,n,i,k, ,(,m,), ,-, ,o,v,e,n, ,(,m,)
p,i,e,k,ł,o, ,(,n,), ,-, ,h,e,l,l, ,(,n,)
p,i,e,l,ę,g,n,i,a,r,k,a, ,(,f,), ,-, ,n,u,r,s,e, ,(,f,)
p,i,e,n,i,ą,d,z,e, ,(,p,l,), ,-, ,m,o,n,e,y, ,(,p,l,)
p,i,e,r,ś, ,(,f,), ,-, ,b,r,e,a,s,t, ,(,f,)
p,i,e,r,ś,c,i,e,ń, ,(,m,), ,-, ,r,i,n,g, ,(,m,)
p,i,e,s, ,(,m,), ,-, ,d,o,g, ,(,m,)
p,i,ł,k,a, ,(,f,), ,-, ,b,a,l,l, ,(,f,)
p,i,ł,k,a, ,n,o,ż,n,a, ,(,f,), ,-, ,f,o,o,t,b,a,l,l, ,n,o,ż,n,a
p,i,o,s,e,n,k,a, ,(,f,), ,-, ,s,o,n,g, ,(,f,)
p,i,s,a,n,i,e, ,(,n,), ,-, ,w,r,i,t,i,n,g, ,(,n,)
p,i,s,a,r,z, ,(,m,), ,-, ,w,r,i,t,e,r, ,(,m,)
p,i,w,o, ,(,n,), ,-, ,b,e,e,r, ,(,n,)
p,i,z,z,a, ,(,f,), ,-, ,p,i,z,z,a, ,(,f,)
p,l,a,n, ,(,m,), ,-, ,p,l,a,n, ,(,m,)
p,l,a,s,t,i,k, ,(,m,), ,-, ,p,l,a,s,t,i,c, ,(,m,)
p,ł,a,s,z,c,z, ,(,m,), ,-, ,c,o,a,t, ,(,m,)
p,ł,a,t,n,o,ś,ć, ,(,f,), ,-, ,p,a,y,m,e,n,t, ,(,f,)
p,l,a,ż,a, ,(,f,), ,-, ,b,e,a,c,h, ,(,f,)
p,l,e,c,y, ,(,p,l,), ,-, ,b,a,c,k, ,(,p,l,)
p,l,i,k, ,(,m,), ,-, ,f,i,l,e, ,(,m,)
p,ł,y,w,a,n,i,e, ,(,n,), ,-, ,s,w,i,m,m,i,n,g, ,(,n,)
p,o,c,z,ą,t,e,k, ,(,m,), ,-, ,b,e,g,i,n,n,i,n,g, ,(,m,)
p,o,c,z,t,a, ,(,f,), ,-, ,m,a,i,l, ,(,f,)
p,o,d,a,t,e,k, ,(,m,), ,-, ,t,a,x, ,(,m,)
p,o,d,c,z,a,s, ,(,m,), ,-, ,w,h,i,l,e, ,(,m,)
p,o,d,e,k,s,c,y,t,o,w,a,n,i,e, ,(,n,), ,-, ,e,x,c,i,t,e,m,e,n,t, ,(,n,)
p,o,d,k,r,e,ś,l,e,n,i,e, ,(,n,), ,-, ,h,i,g,h,l,i,g,h,t, ,(,n,)
p,o,d,ł,o,g,a, ,(,f,), ,-, ,f,l,o,o,r, ,(,f,)
p,o,d,p,i,s, ,(,m,), ,-, ,s,i,g,n,a,t,u,r,e, ,(,m,)
p,o,d,s,t,a,w,a, ,(,f,), ,-, ,b,a,s,i,s, ,(,f,)
p,o,d,w,ó,r,k,o, ,(,n,), ,-, ,y,a,r,d, ,(,n,)
p,o,e,t,a, ,(,m,), ,-, ,p,o,e,t, ,(,m,)
p,o,e,z,j,a, ,(,f,), ,-, ,p,o,e,t,r,y, ,(,f,)
p,o,g,o,d,a, ,(,f,), ,-, ,w,e,a,t,h,e,r, ,(,f,)
p,o,g,r,z,e,b, ,(,m,), ,-, ,f,u,n,e,r,a,l, ,(,m,)
p,o,j,a,z,d, ,(,m,), ,-, ,v,e,h,i,c,l,e, ,(,m,)
p,o,j,ę,c,i,e, ,(,n,), ,-, ,c,o,n,c,e,p,t, ,(,n,)
p,o,k,ó,j, ,(,m,), ,-, ,p,e,a,c,e, ,r,o,o,m, ,(,m,)
p,o,ł,ą,c,z,e,n,i,e, ,(,n,), ,-, ,c,o,n,n,e,c,t,i,o,n, ,(,n,)
p,o,l,e, ,(,n,), ,-, ,f,i,e,l,d, ,(,n,)
p,o,l,i,c,j,a, ,(,f,), ,-, ,p,o,l,i,c,e, ,(,f,)
p,o,l,i,c,z,e,k, ,(,m,), ,-, ,c,h,e,e,k, ,(,m,)
p,o,l,i,t,y,k,a, ,(,f,), ,-, ,p,o,l,i,c,y, ,p,o,l,i,t,i,c,s, ,(,f,)
p,ó,ł,n,o,c, ,(,f,), ,-, ,m,i,d,n,i,g,h,t, ,n,o,r,t,h, ,(,f,)
p,o,ł,o,w,a, ,(,f,), ,-, ,h,a,l,f, ,(,f,)
p,o,ł,u,d,n,i,e, ,(,n,), ,-, ,s,o,u,t,h, ,(,n,)
p,o,m,a,r,a,ń,c,z,a, ,(,f,), ,-, ,o,r,a,n,g,e, ,(,f,)
p,o,m,i,a,r, ,(,m,), ,-, ,m,e,a,s,u,r,e,m,e,n,t, ,(,m,)
p,o,m,o,c, ,(,f,), ,-, ,a,s,s,i,s,t, ,a,s,s,i,s,t,a,n,c,e, ,(,f,)
p,o,m,y,s,ł, ,(,m,), ,-, ,i,d,e,a, ,(,m,)
p,o,p,o,ł,u,d,n,i,e, ,(,n,), ,-, ,a,f,t,e,r,n,o,o,n, ,(,n,)
p,o,p,r,a,w,a, ,(,f,), ,-, ,i,m,p,r,o,v,e,m,e,n,t, ,(,f,)
p,o,p,u,l,a,c,j,a, ,(,f,), ,-, ,p,o,p,u,l,a,t,i,o,n, ,(,f,)
p,o,p,y,t, ,(,m,), ,-, ,d,e,m,a,n,d, ,(,m,)
p,o,r,a, ,r,o,k,u, ,(,f,), ,-, ,s,e,a,s,o,n, ,r,o,k,u
p,o,r,a,n,e,k, ,(,m,), ,-, ,m,o,r,n,i,n,g, ,(,m,)
p,o,r,a,ż,k,a, ,(,f,), ,-, ,f,a,i,l,u,r,e, ,(,f,)
p,o,r,ó,w,n,a,n,i,e, ,(,n,), ,-, ,c,o,m,p,a,r,i,s,o,n, ,(,n,)
p,o,r,o,z,u,m,i,e,n,i,e, ,(,n,), ,-, ,a,g,r,e,e,m,e,n,t, ,(,n,)
p,o,s,i,a,d,a,n,i,e, ,(,n,), ,-, ,p,o,s,s,e,s,s,i,o,n, ,(,n,)
p,o,s,i,a,d,ł,o,ś,ć, ,(,f,), ,-, ,e,s,t,a,t,e, ,(,f,)
p,o,s,i,ł,e,k, ,(,m,), ,-, ,m,e,a,l, ,(,m,)
p,o,s,t,a,ć, ,(,f,), ,-, ,c,h,a,r,a,c,t,e,r, ,(,f,)
p,o,s,t,a,w,a, ,(,f,), ,-, ,a,t,t,i,t,u,d,e, ,(,f,)
p,o,s,t,ę,p, ,(,m,), ,-, ,p,r,o,g,r,e,s,s, ,(,m,)
p,o,w,i,e,ś,ć, ,(,f,), ,-, ,n,o,v,e,l, ,(,f,)
p,o,w,i,e,t,r,z,e, ,(,n,), ,-, ,a,i,r, ,(,n,)
p,o,w,i,t,a,n,i,e, ,(,n,), ,-, ,w,e,l,c,o,m,e, ,(,n,)
p,o,w,ó,d, ,(,m,), ,-, ,r,e,a,s,o,n, ,(,m,)
p,o,z,i,o,m, ,(,m,), ,-, ,l,e,v,e,l, ,(,m,)
p,o,z,w,o,l,e,n,i,e, ,(,n,), ,-, ,p,e,r,m,i,s,s,i,o,n, ,(,n,)
p,o,z,y,c,j,a, ,(,f,), ,-, ,p,o,s,i,t,i,o,n, ,(,f,)
p,o,ż,y,c,z,k,a, ,(,f,), ,-, ,l,o,a,n, ,(,f,)
p,r,a,c,a, ,(,f,), ,-, ,j,o,b, ,w,o,r,k, ,(,f,)
p,r,a,c,a, ,d,o,m,o,w,a, ,(,f,), ,-, ,h,o,m,e,w,o,r,k, ,d,o,m,o,w,a
p,r,a,c,o,d,a,w,c,a, ,(,m,), ,-, ,e,m,p,l,o,y,e,r, ,(,m,)
p,r,a,c,o,w,n,i,k, ,(,m,), ,-, ,e,m,p,l,o,y,e,e, ,w,o,r,k,e,r, ,(,m,)
p,r,a,g,n,i,e,n,i,e, ,(,n,), ,-, ,d,e,s,i,r,e, ,(,n,)
p,r,a,k,t,y,k,a, ,(,f,), ,-, ,p,r,a,c,t,i,c,e, ,(,f,)
p,r,a,w,d,a, ,(,f,), ,-, ,t,r,u,t,h, ,(,f,)
p,r,a,w,n,i,k, ,(,m,), ,-, ,l,a,w,y,e,r, ,(,m,)
p,r,a,w,o, ,(,n,), ,-, ,l,a,w, ,(,n,)
p,r,ę,d,k,o,ś,ć, ,(,f,), ,-, ,s,p,e,e,d, ,(,f,)
p,r,e,f,e,r,e,n,c,j,a, ,(,f,), ,-, ,p,r,e,f,e,r,e,n,c,e, ,(,f,)
p,r,e,m,i,a, ,(,f,), ,-, ,b,o,n,u,s, ,(,f,)
p,r,e,z,e,n,t, ,(,m,), ,-, ,g,i,f,t, ,(,m,)
p,r,e,z,e,n,t,a,c,j,a, ,(,f,), ,-, ,p,r,e,s,e,n,t,a,t,i,o,n, ,(,f,)
p,r,e,z,y,d,e,n,t, ,(,m,), ,-, ,p,r,e,s,i,d,e,n,t, ,(,m,)
p,r,i,o,r,y,t,e,t, ,(,m,), ,-, ,p,r,i,o,r,i,t,y, ,(,m,)
p,r,ó,b,a, ,(,f,), ,-, ,a,t,t,e,m,p,t, ,(,f,)
p,r,ó,b,k,a, ,(,f,), ,-, ,s,a,m,p,l,e, ,(,f,)
p,r,o,b,l,e,m, ,(,m,), ,-, ,i,s,s,u,e, ,p,r,o,b,l,e,m, ,(,m,)
p,r,o,c,e,d,u,r,a, ,(,f,), ,-, ,p,r,o,c,e,d,u,r,e, ,(,f,)
p,r,o,c,e,n,t, ,(,m,), ,-, ,p,e,r,c,e,n,t,a,g,e, ,(,m,)
p,r,o,c,e,s, ,(,m,), ,-, ,p,r,o,c,e,s,s, ,(,m,)
p,r,o,d,u,c,e,n,t, ,(,m,), ,-, ,m,a,n,u,f,a,c,t,u,r,e,r, ,(,m,)
p,r,o,d,u,k,t, ,(,m,), ,-, ,p,r,o,d,u,c,t, ,(,m,)
p,r,o,f,e,s,o,r, ,(,m,), ,-, ,p,r,o,f,e,s,s,o,r, ,(,m,)
p,r,o,f,i,l, ,(,m,), ,-, ,p,r,o,f,i,l,e, ,(,m,)
p,r,o,g,r,a,m, ,(,m,), ,-, ,p,r,o,g,r,a,m, ,(,m,)
p,r,o,j,e,k,t, ,(,m,), ,-, ,d,e,s,i,g,n, ,p,r,o,j,e,c,t, ,(,m,)
p,r,o,j,e,k,t,a,n,t, ,(,m,), ,-, ,d,e,s,i,g,n,e,r, ,(,m,)
p,r,o,m,o,c,j,a, ,(,f,), ,-, ,p,r,o,m,o,t,i,o,n, ,(,f,)
p,r,o,p,o,z,y,c,j,a, ,(,f,), ,-, ,p,r,o,p,o,s,a,l, ,(,f,)
p,r,o,ś,b,a, ,(,f,), ,-, ,r,e,q,u,e,s,t, ,(,f,)
p,r,y,s,z,n,i,c, ,(,m,), ,-, ,s,h,o,w,e,r, ,(,m,)
p,r,z,e,c,h,o,w,y,w,a,n,i,e, ,(,n,), ,-, ,s,t,o,r,a,g,e, ,(,n,)
p,r,z,e,d,m,i,o,t, ,(,m,), ,-, ,i,t,e,m, ,o,b,j,e,c,t, ,s,u,b,j,e,c,t, ,(,m,)
p,r,z,e,j,ś,c,i,e, ,(,n,), ,-, ,c,r,o,s,s, ,p,a,s,s,a,g,e, ,t,r,a,n,s,i,t,i,o,n, ,(,n,)
p,r,z,e,ł,ą,c,z,n,i,k, ,(,m,), ,-, ,s,w,i,t,c,h, ,(,m,)
p,r,z,e,m,ó,w,i,e,n,i,e, ,(,n,), ,-, ,s,p,e,e,c,h, ,(,n,)
p,r,z,e,m,y,s,ł, ,(,m,), ,-, ,i,n,d,u,s,t,r,y, ,(,m,)
p,r,z,e,p,i,s, ,(,m,), ,-, ,r,e,c,i,p,e, ,(,m,)
p,r,z,e,s,t,r,z,e,ń, ,(,f,), ,-, ,s,p,a,c,e, ,(,f,)
p,r,z,e,w,o,d,n,i,c,t,w,o, ,(,n,), ,-, ,g,u,i,d,a,n,c,e, ,(,n,)
p,r,z,e,w,o,d,n,i,k, ,(,m,), ,-, ,g,u,i,d,e, ,(,m,)
p,r,z,ó,d, ,(,m,), ,-, ,f,r,o,n,t, ,(,m,)
p,r,z,y,c,h,ó,d, ,(,m,), ,-, ,r,e,v,e,n,u,e, ,(,m,)
p,r,z,y,c,i,s,k, ,(,m,), ,-, ,b,u,t,t,o,n, ,(,m,)
p,r,z,y,c,z,y,n,a, ,(,f,), ,-, ,c,a,u,s,e, ,(,f,)
p,r,z,y,g,o,t,o,w,a,n,i,e, ,(,n,), ,-, ,p,r,e,p,a,r,a,t,i,o,n, ,(,n,)
p,r,z,y,j,a,c,i,e,l, ,(,m,), ,-, ,f,r,i,e,n,d, ,(,m,)
p,r,z,y,j,a,z,d, ,(,m,), ,-, ,a,r,r,i,v,a,l, ,(,m,)
p,r,z,y,j,a,ź,ń, ,(,f,), ,-, ,f,r,i,e,n,d,s,h,i,p, ,(,f,)
p,r,z,y,j,e,m,n,o,ś,ć, ,(,f,), ,-, ,p,l,e,a,s,u,r,e, ,(,f,)
p,r,z,y,k,ł,a,d, ,(,m,), ,-, ,e,x,a,m,p,l,e, ,(,m,)
p,r,z,y,p,a,d,e,k, ,(,m,), ,-, ,c,a,s,e, ,(,m,)
p,r,z,y,s,z,ł,o,ś,ć, ,(,f,), ,-, ,f,u,t,u,r,e, ,(,f,)
p,r,z,y,w,ó,d,z,t,w,o, ,(,n,), ,-, ,l,e,a,d,e,r,s,h,i,p, ,(,n,)
p,s,y,c,h,o,l,o,g,i,a, ,(,f,), ,-, ,p,s,y,c,h,o,l,o,g,y, ,(,f,)
p,t,a,k, ,(,m,), ,-, ,b,i,r,d, ,(,m,)
p,u,d,e,ł,k,o, ,(,n,), ,-, ,b,o,x, ,(,n,)
p,u,n,k,t, ,(,m,), ,-, ,p,o,i,n,t, ,(,m,)
p,u,s,t,a, ,p,r,z,e,s,t,r,z,e,ń, ,(,f,), ,-, ,b,l,a,n,k, ,p,r,z,e,s,t,r,z,e,ń
p,y,t,a,n,i,e, ,(,n,), ,-, ,q,u,e,s,t,i,o,n, ,(,n,)
r,a,b,a,t, ,(,m,), ,-, ,d,i,s,c,o,u,n,t, ,(,m,)
r,a,c,h,u,n,e,k, ,(,m,), ,-, ,b,i,l,l, ,(,m,)
r,a,d,a, ,(,f,), ,-, ,a,d,v,i,c,e, ,(,f,)
r,a,d,i,o, ,(,n,), ,-, ,r,a,d,i,o, ,(,n,)
r,a,k, ,(,m,), ,-, ,c,a,n,c,e,r, ,(,m,)
r,a,m,a, ,(,f,), ,-, ,f,r,a,m,e, ,(,f,)
r,a,m,i,ę, ,(,n,), ,-, ,a,r,m, ,s,h,o,u,l,d,e,r, ,(,n,)
r,e,a,k,c,j,a, ,(,f,), ,-, ,r,e,a,c,t,i,o,n, ,(,f,)
r,e,c,e,n,z,j,a, ,(,f,), ,-, ,r,e,v,i,e,w, ,(,f,)
r,e,c,e,p,c,j,a, ,(,f,), ,-, ,r,e,c,e,p,t,i,o,n, ,(,f,)
r,ę,c,z,n,i,k, ,(,m,), ,-, ,t,o,w,e,l, ,(,m,)
r,e,d,a,k,t,o,r, ,(,m,), ,-, ,e,d,i,t,o,r, ,(,m,)
r,e,f,l,e,k,s,j,a, ,(,f,), ,-, ,r,e,f,l,e,c,t,i,o,n, ,(,f,)
r,e,g,i,o,n, ,(,m,), ,-, ,r,e,g,i,o,n, ,(,m,)
r,e,g,u,ł,a, ,(,f,), ,-, ,r,u,l,e, ,(,f,)
r,e,j,e,s,t,r, ,(,m,), ,-, ,r,e,g,i,s,t,e,r, ,(,m,)
r,ę,k,a, ,(,f,), ,-, ,h,a,n,d, ,(,f,)
r,ę,k,a,w,i,c,z,k,a, ,(,f,), ,-, ,g,l,o,v,e, ,(,f,)
r,e,k,l,a,m,a, ,(,f,), ,-, ,a,d,v,e,r,t,i,s,i,n,g, ,(,f,)
r,e,k,o,m,e,n,d,a,c,j,a, ,(,f,), ,-, ,r,e,c,o,m,m,e,n,d,a,t,i,o,n, ,(,f,)
r,e,k,o,r,d, ,(,m,), ,-, ,r,e,c,o,r,d, ,(,m,)
r,e,l,a,c,j,a, ,(,f,), ,-, ,r,e,l,a,t,i,o,n, ,(,f,)
r,e,p,u,b,l,i,k,a, ,(,f,), ,-, ,r,e,p,u,b,l,i,c, ,(,f,)
r,e,p,u,t,a,c,j,a, ,(,f,), ,-, ,r,e,p,u,t,a,t,i,o,n, ,(,f,)
r,e,s,t,a,u,r,a,c,j,a, ,(,f,), ,-, ,r,e,s,t,a,u,r,a,n,t, ,(,f,)
r,e,w,o,l,u,c,j,a, ,(,f,), ,-, ,r,e,v,o,l,u,t,i,o,n, ,(,f,)
r,o,b,a,k, ,(,m,), ,-, ,b,u,g, ,(,m,)
r,o,d,z,a,j, ,(,m,), ,-, ,k,i,n,d, ,s,o,r,t, ,t,y,p,e, ,(,m,)
r,o,d,z,i,c, ,(,m,), ,-, ,p,a,r,e,n,t, ,(,m,)
r,o,d,z,i,n,a, ,(,f,), ,-, ,f,a,m,i,l,y, ,(,f,)
r,ó,g, ,(,m,), ,-, ,c,o,r,n,e,r, ,(,m,)
r,o,k, ,(,m,), ,-, ,y,e,a,r, ,(,m,)
r,o,l,a, ,(,f,), ,-, ,r,o,l,e, ,(,f,)
r,o,l,n,i,k, ,(,m,), ,-, ,f,a,r,m,e,r, ,(,m,)
r,o,ś,l,i,n,a, ,(,f,), ,-, ,p,l,a,n,t, ,(,f,)
r,o,w,e,r, ,(,m,), ,-, ,b,i,c,y,c,l,e, ,b,i,k,e, ,(,m,)
r,o,z,d,a,n,i,e, ,(,n,), ,-, ,r,e,s,o,l,u,t,i,o,n, ,(,n,)
r,o,z,d,z,i,a,ł, ,(,m,), ,-, ,c,h,a,p,t,e,r, ,(,m,)
r,o,z,m,i,a,r, ,(,m,), ,-, ,s,i,z,e, ,(,m,)
r,o,z,m,o,w,a, ,(,f,), ,-, ,c,o,n,v,e,r,s,a,t,i,o,n, ,(,f,)
r,ó,ż,n,i,c,a, ,(,f,), ,-, ,d,i,f,f,e,r,e,n,c,e, ,(,f,)
r,ó,ż,n,o,r,o,d,n,o,ś,ć, ,(,f,), ,-, ,v,a,r,i,e,t,y, ,(,f,)
r,o,z,p,o,z,n,a,n,i,e, ,(,n,), ,-, ,r,e,c,o,g,n,i,t,i,o,n, ,(,n,)
r,o,z,r,y,w,k,a, ,(,f,), ,-, ,e,n,t,e,r,t,a,i,n,m,e,n,t, ,(,f,)
r,o,z,s,z,e,r,z,e,n,i,e, ,(,n,), ,-, ,e,x,t,e,n,s,i,o,n, ,(,n,)
r,o,z,w,a,ż,e,n,i,e, ,(,n,), ,-, ,c,o,n,s,i,d,e,r,a,t,i,o,n, ,(,n,)
r,o,z,w,i,ą,z,a,n,i,e, ,(,n,), ,-, ,s,o,l,u,t,i,o,n, ,(,n,)
r,o,z,w,ó,j, ,(,m,), ,-, ,d,e,v,e,l,o,p,m,e,n,t, ,(,m,)
r,u,c,h, ,u,l,i,c,z,n,y, ,(,m,), ,-, ,t,r,a,f,f,i,c, ,u,l,i,c,z,n,y
r,u,i,n,a, ,(,f,), ,-, ,r,u,i,n, ,(,f,)
r,u,t,y,n,a, ,(,f,), ,-, ,r,o,u,t,i,n,e, ,(,f,)
r,y,b,a, ,(,f,), ,-, ,f,i,s,h, ,(,f,)
r,y,n,e,k, ,(,m,), ,-, ,m,a,r,k,e,t, ,(,m,)
r,y,s,u,n,e,k, ,(,m,), ,-, ,d,r,a,w,i,n,g, ,(,m,)
r,y,ż, ,(,m,), ,-, ,r,i,c,e, ,(,m,)
r,y,z,y,k,o, ,(,n,), ,-, ,r,i,s,k, ,(,n,)
r,z,ą,d, ,(,m,), ,-, ,g,o,v,e,r,n,m,e,n,t, ,r,o,w, ,(,m,)
r,z,e,c,z, ,(,f,), ,-, ,s,t,u,f,f, ,t,h,i,n,g, ,(,f,)
r,z,e,c,z,y,w,i,s,t,o,ś,ć, ,(,f,), ,-, ,r,e,a,l,i,t,y, ,(,f,)
r,z,e,k,a, ,(,f,), ,-, ,r,i,v,e,r, ,(,f,)
r,z,e,m,i,o,s,ł,o, ,(,n,), ,-, ,c,r,a,f,t, ,(,n,)
s,a,l,a, ,(,f,), ,-, ,h,a,l,l, ,(,f,)
s,a,l,a, ,l,e,k,c,y,j,n,a, ,(,f,), ,-, ,c,l,a,s,s,r,o,o,m, ,l,e,k,c,y,j,n,a
s,a,ł,a,t,k,a, ,(,f,), ,-, ,s,a,l,a,d, ,(,f,)
s,a,l,d,o, ,(,n,), ,-, ,b,a,l,a,n,c,e, ,(,n,)
s,a,m,o,c,h,ó,d, ,(,m,), ,-, ,c,a,r, ,(,m,)
s,a,m,o,l,o,t, ,(,m,), ,-, ,p,l,a,n,e, ,(,m,)
s,a,t,y,s,f,a,k,c,j,a, ,(,f,), ,-, ,s,a,t,i,s,f,a,c,t,i,o,n, ,(,f,)
s,c,e,n,a, ,(,f,), ,-, ,s,c,e,n,e, ,(,f,)
s,c,h,e,m,a,t, ,(,m,), ,-, ,s,c,h,e,m,e, ,(,m,)
s,c,h,r,o,n,i,e,n,i,e, ,(,n,), ,-, ,s,h,e,l,t,e,r, ,(,n,)
ś,c,i,a,n,a, ,(,f,), ,-, ,w,a,l,l, ,(,f,)
ś,c,i,e,ż,k,a, ,(,f,), ,-, ,p,a,t,h, ,(,f,)
s,ę,d,z,i,a, ,(,m,), ,-, ,j,u,d,g,e, ,(,m,)
s,e,k,c,j,a, ,(,f,), ,-, ,s,e,c,t,i,o,n, ,(,f,)
s,e,k,r,e,t,a,r,k,a, ,(,f,), ,-, ,s,e,c,r,e,t,a,r,y, ,(,f,)
s,e,k,s, ,(,m,), ,-, ,s,e,x, ,(,m,)
s,e,k,t,o,r, ,(,m,), ,-, ,s,e,c,t,o,r, ,(,m,)
s,e,n, ,(,m,), ,-, ,d,r,e,a,m, ,(,m,)
s,e,r,c,e, ,(,n,), ,-, ,h,e,a,r,t, ,(,n,)
s,e,r,i,a, ,(,f,), ,-, ,s,e,r,i,e,s, ,(,f,)
s,e,s,j,a, ,(,f,), ,-, ,s,e,s,s,i,o,n, ,(,f,)
s,i,e,ć, ,(,f,), ,-, ,n,e,t, ,n,e,t,w,o,r,k, ,w,e,b, ,(,f,)
s,i,e,d,z,e,n,i,e, ,(,n,), ,-, ,s,e,a,t, ,(,n,)
s,i,ł,a, ,(,f,), ,-, ,f,o,r,c,e, ,s,t,r,e,n,g,t,h, ,(,f,)
s,i,l,n,i,k, ,(,m,), ,-, ,e,n,g,i,n,e, ,m,o,t,o,r, ,(,m,)
s,i,o,s,t,r,a, ,(,f,), ,-, ,s,i,s,t,e,r, ,(,f,)
s,k,a,ł,a, ,(,f,), ,-, ,r,o,c,k, ,(,f,)
s,k,a,l,a, ,(,f,), ,-, ,s,c,a,l,e, ,(,f,)
s,k,a,r,g,a, ,(,f,), ,-, ,c,o,m,p,l,a,i,n,t, ,(,f,)
s,k,a,r,p,e,t,k,a, ,(,f,), ,-, ,s,o,c,k, ,(,f,)
s,k,l,e,p, ,(,m,), ,-, ,s,h,o,p, ,s,t,o,r,e, ,(,m,)
s,k,l,e,p, ,s,p,o,ż,y,w,c,z,y, ,(,m,), ,-, ,g,r,o,c,e,r,y, ,s,p,o,ż,y,w,c,z,y
s,k,ó,r,a, ,(,f,), ,-, ,l,e,a,t,h,e,r, ,s,k,i,n, ,(,f,)
s,k,r,z,y,d,ł,o, ,(,n,), ,-, ,w,i,n,g, ,(,n,)
s,k,u,p,i,e,n,i,e, ,(,n,), ,-, ,f,o,c,u,s, ,(,n,)
s,ł,a,b,o,ś,ć, ,(,f,), ,-, ,w,e,a,k,n,e,s,s, ,(,f,)
s,ł,o,ń,c,e, ,(,n,), ,-, ,s,u,n, ,(,n,)
s,ł,o,w,o, ,(,n,), ,-, ,w,o,r,d, ,(,n,)
ś,l,u,b, ,(,m,), ,-, ,w,e,d,d,i,n,g, ,(,m,)
s,ł,u,c,h, ,(,m,), ,-, ,h,e,a,r,i,n,g, ,(,m,)
s,m,a,k, ,(,m,), ,-, ,t,a,s,t,e, ,(,m,)
ś,m,i,e,c,i, ,(,p,l,), ,-, ,g,a,r,b,a,g,e, ,t,r,a,s,h, ,(,p,l,)
ś,m,i,e,r,ć, ,(,f,), ,-, ,d,e,a,t,h, ,(,f,)
ś,m,i,e,t,a,n,a, ,(,f,), ,-, ,c,r,e,a,m, ,(,f,)
ś,n,i,a,d,a,n,i,e, ,(,n,), ,-, ,b,r,e,a,k,f,a,s,t, ,(,n,)
ś,n,i,e,g, ,(,m,), ,-, ,s,n,o,w, ,(,m,)
s,o,k, ,(,m,), ,-, ,j,u,i,c,e, ,(,m,)
s,ó,l, ,(,f,), ,-, ,s,a,l,t, ,(,f,)
s,p,e,c,j,a,l,i,s,t,a, ,(,m,), ,-, ,s,p,e,c,i,a,l,i,s,t, ,(,m,)
ś,p,i,e,w,a,k, ,(,m,), ,-, ,s,i,n,g,e,r, ,(,m,)
s,p,ó,d,n,i,c,a, ,(,f,), ,-, ,s,k,i,r,t, ,(,f,)
s,p,o,ł,e,c,z,e,ń,s,t,w,o, ,(,n,), ,-, ,s,o,c,i,e,t,y, ,(,n,)
s,p,o,ł,e,c,z,n,o,ś,ć, ,(,f,), ,-, ,c,o,m,m,u,n,i,t,y, ,(,f,)
s,p,o,r,t, ,(,m,), ,-, ,s,p,o,r,t, ,(,m,)
s,p,o,s,ó,b, ,(,m,), ,-, ,m,a,n,n,e,r, ,(,m,)
s,p,o,t,k,a,n,i,e, ,(,n,), ,-, ,m,e,e,t,i,n,g, ,(,n,)
s,p,r,a,w,a, ,(,f,), ,-, ,a,f,f,a,i,r, ,m,a,t,t,e,r, ,(,f,)
s,p,r,a,y, ,(,m,), ,-, ,s,p,r,a,y, ,(,m,)
s,p,r,z,e,d,a,ż, ,(,f,), ,-, ,s,a,l,e, ,(,f,)
s,p,r,z,ę,t, ,(,m,), ,-, ,e,q,u,i,p,m,e,n,t, ,(,m,)
s,r,e,b,r,o, ,(,n,), ,-, ,s,i,l,v,e,r, ,(,n,)
ś,r,e,d,n,i,a, ,(,f,), ,-, ,a,v,e,r,a,g,e, ,(,f,)
ś,r,o,d,o,w,i,s,k,o, ,(,n,), ,-, ,e,n,v,i,r,o,n,m,e,n,t, ,(,n,)
ś,r,u,b,a, ,(,f,), ,-, ,s,c,r,e,w, ,(,f,)
s,t,a,c,j,a, ,(,f,), ,-, ,s,t,a,t,i,o,n, ,(,f,)
s,t,a,j,n,i,a, ,(,f,), ,-, ,s,t,a,b,l,e, ,(,f,)
s,t,a,n, ,(,m,), ,-, ,c,o,n,d,i,t,i,o,n, ,s,t,a,t,e, ,(,m,)
s,t,a,n,d,a,r,d, ,(,m,), ,-, ,s,t,a,n,d,a,r,d, ,(,m,)
s,t,a,t,e,k, ,(,m,), ,-, ,s,h,i,p, ,(,m,)
s,t,a,t,u,s, ,(,m,), ,-, ,s,t,a,t,u,s, ,(,m,)
s,t,a,w, ,(,m,), ,-, ,j,o,i,n,t, ,(,m,)
s,t,e,k, ,(,m,), ,-, ,s,t,e,a,k, ,(,m,)
s,t,ó,ł, ,(,m,), ,-, ,t,a,b,l,e, ,(,m,)
s,t,o,p,a, ,(,f,), ,-, ,f,o,o,t, ,(,f,)
s,t,o,p,i,e,ń, ,(,m,), ,-, ,d,e,g,r,e,e, ,g,r,a,d,e, ,(,m,)
s,t,o,w,a,r,z,y,s,z,e,n,i,e, ,(,n,), ,-, ,a,s,s,o,c,i,a,t,i,o,n, ,(,n,)
s,t,r,a,c,h, ,(,m,), ,-, ,f,e,a,r, ,(,m,)
s,t,r,a,t,e,g,i,a, ,(,f,), ,-, ,s,t,r,a,t,e,g,y, ,(,f,)
s,t,r,e,f,a, ,(,f,), ,-, ,z,o,n,e, ,(,f,)
s,t,r,e,s, ,(,m,), ,-, ,s,t,r,e,s,s, ,(,m,)
s,t,r,o,n,a, ,(,f,), ,-, ,p,a,g,e, ,s,i,d,e, ,(,f,)
s,t,r,u,k,t,u,r,a, ,(,f,), ,-, ,s,t,r,u,c,t,u,r,e, ,(,f,)
s,t,r,u,n,a, ,(,f,), ,-, ,s,t,r,i,n,g, ,(,f,)
s,t,r,z,a,ł, ,(,m,), ,-, ,s,h,o,t, ,(,m,)
s,t,u,d,e,n,t, ,(,m,), ,-, ,s,t,u,d,e,n,t, ,(,m,)
s,t,u,d,i,o, ,(,n,), ,-, ,s,t,u,d,i,o, ,(,n,)
s,t,y,l, ,(,m,), ,-, ,s,t,y,l,e, ,(,m,)
s,u,b,s,t,a,n,c,j,a, ,(,f,), ,-, ,s,u,b,s,t,a,n,c,e, ,(,f,)
s,u,g,e,s,t,i,a, ,(,f,), ,-, ,s,u,g,g,e,s,t,i,o,n, ,(,f,)
s,u,k,c,e,s, ,(,m,), ,-, ,s,u,c,c,e,s,s, ,(,m,)
s,u,k,i,e,n,k,a, ,(,f,), ,-, ,d,r,e,s,s, ,(,f,)
s,u,p,e,r,m,a,r,k,e,t, ,(,m,), ,-, ,s,u,p,e,r,m,a,r,k,e,t, ,(,m,)
ś,w,i,a,d,e,k, ,(,m,), ,-, ,w,i,t,n,e,s,s, ,(,m,)
ś,w,i,a,d,o,m,o,ś,ć, ,(,f,), ,-, ,a,w,a,r,e,n,e,s,s, ,(,f,)
ś,w,i,a,t, ,(,m,), ,-, ,w,o,r,l,d, ,(,m,)
ś,w,i,a,t,ł,o, ,(,n,), ,-, ,l,i,g,h,t, ,(,n,)
ś,w,i,e,c,a, ,(,f,), ,-, ,c,a,n,d,l,e, ,(,f,)
s,y,g,n,a,ł, ,(,m,), ,-, ,s,i,g,n,a,l, ,(,m,)
s,y,n, ,(,m,), ,-, ,s,o,n, ,(,m,)
s,y,p,i,a,l,n,i,a, ,(,f,), ,-, ,b,e,d,r,o,o,m, ,(,f,)
s,y,s,t,e,m, ,(,m,), ,-, ,s,y,s,t,e,m, ,(,m,)
s,y,t,u,a,c,j,a, ,(,f,), ,-, ,s,i,t,u,a,t,i,o,n, ,(,f,)
s,z,a,c,u,n,e,k, ,(,m,), ,-, ,r,e,s,p,e,c,t, ,(,m,)
s,z,a,f,a, ,(,f,), ,-, ,c,l,o,s,e,t, ,(,f,)
s,z,a,f,k,a, ,(,f,), ,-, ,c,a,b,i,n,e,t, ,(,f,)
s,z,a,n,s,a, ,(,f,), ,-, ,c,h,a,n,c,e, ,(,f,)
s,z,c,z,e,g,ó,ł, ,(,m,), ,-, ,d,e,t,a,i,l, ,(,m,)
s,z,c,z,ę,ś,c,i,e, ,(,n,), ,-, ,l,u,c,k, ,(,n,)
s,z,c,z,y,t, ,(,m,), ,-, ,p,e,a,k, ,t,o,p, ,(,m,)
s,z,e,f, ,(,m,), ,-, ,b,o,s,s, ,(,m,)
s,z,k,i,c, ,(,m,), ,-, ,d,r,a,f,t, ,(,m,)
s,z,k,ł,o, ,(,n,), ,-, ,g,l,a,s,s, ,(,n,)
s,z,k,o,d,a, ,(,f,), ,-, ,h,a,r,m, ,(,f,)
s,z,k,o,ł,a, ,(,f,), ,-, ,s,c,h,o,o,l, ,(,f,)
s,z,k,o,l,e,n,i,e, ,(,n,), ,-, ,t,r,a,i,n,i,n,g, ,(,n,)
s,z,o,k, ,(,m,), ,-, ,s,h,o,c,k, ,(,m,)
s,z,p,i,l,k,a, ,(,f,), ,-, ,p,i,n, ,(,f,)
s,z,p,i,t,a,l, ,(,m,), ,-, ,h,o,s,p,i,t,a,l, ,(,m,)
s,z,t,u,c,z,k,a, ,(,f,), ,-, ,t,r,i,c,k, ,(,f,)
s,z,t,u,k,a, ,(,f,), ,-, ,a,r,t, ,(,f,)
s,z,u,f,l,a,d,a, ,(,f,), ,-, ,d,r,a,w,e,r, ,(,f,)
s,z,y,j,a, ,(,f,), ,-, ,n,e,c,k, ,(,f,)
t,a,b,l,i,c,a, ,(,f,), ,-, ,b,o,a,r,d, ,(,f,)
t,a,l,e,r,z, ,(,m,), ,-, ,p,l,a,t,e, ,(,m,)
t,a,t,a, ,(,m,), ,-, ,d,a,d, ,(,m,)
t,e,c,h,n,o,l,o,g,i,a, ,(,f,), ,-, ,t,e,c,h,n,o,l,o,g,y, ,(,f,)
t,e,k,s,t, ,(,m,), ,-, ,t,e,x,t, ,(,m,)
t,e,l,e,f,o,n, ,(,m,), ,-, ,p,h,o,n,e, ,t,e,l,e,p,h,o,n,e, ,(,m,)
t,e,l,e,w,i,z,j,a, ,(,f,), ,-, ,t,e,l,e,v,i,s,i,o,n, ,(,f,)
t,e,m,a,t, ,(,m,), ,-, ,t,h,e,m,e, ,t,o,p,i,c, ,(,m,)
t,e,m,p,e,r,a,t,u,r,a, ,(,f,), ,-, ,t,e,m,p,e,r,a,t,u,r,e, ,(,f,)
t,e,m,p,o, ,(,n,), ,-, ,p,a,c,e, ,(,n,)
t,e,n,i,s, ,(,m,), ,-, ,t,e,n,n,i,s, ,(,m,)
t,e,o,r,i,a, ,(,f,), ,-, ,t,h,e,o,r,y, ,(,f,)
t,e,r,m,i,n, ,(,m,), ,-, ,t,e,r,m, ,(,m,)
t,e,s,t, ,(,m,), ,-, ,t,e,s,t, ,(,m,)
t,ł,o, ,(,n,), ,-, ,b,a,c,k,g,r,o,u,n,d, ,(,n,)
t,ł,u,s,z,c,z, ,(,m,), ,-, ,f,a,t, ,(,m,)
t,o,n, ,(,m,), ,-, ,t,o,n,e, ,(,m,)
t,o,r, ,(,m,), ,-, ,t,r,a,c,k, ,(,m,)
t,o,r,b,a, ,(,f,), ,-, ,b,a,g, ,(,f,)
t,r,a,d,y,c,j,a, ,(,f,), ,-, ,t,r,a,d,i,t,i,o,n, ,(,f,)
t,r,a,n,s,p,o,r,t, ,(,m,), ,-, ,t,r,a,n,s,p,o,r,t,a,t,i,o,n, ,(,m,)
t,r,a,w,a, ,(,f,), ,-, ,g,r,a,s,s, ,(,f,)
t,r,e,n,e,r, ,(,m,), ,-, ,c,o,a,c,h, ,t,r,a,i,n,e,r, ,(,m,)
t,r,u,d,n,o,ś,ć, ,(,f,), ,-, ,d,i,f,f,i,c,u,l,t,y, ,(,f,)
t,r,y,b, ,(,m,), ,-, ,m,o,d,e, ,(,m,)
t,u,b,y,l,c,z,y, ,(,m,/,f,), ,-, ,n,a,t,i,v,e, ,(,m,/,f,)
t,u,r,y,s,t,a, ,(,m,), ,-, ,t,o,u,r,i,s,t, ,(,m,)
t,w,a,r,z, ,(,f,), ,-, ,f,a,c,e, ,(,f,)
t,y,d,z,i,e,ń, ,(,m,), ,-, ,w,e,e,k, ,(,m,)
t,y,t,u,ł, ,(,m,), ,-, ,t,i,t,l,e, ,(,m,)
u,b,e,z,p,i,e,c,z,e,n,i,e, ,(,n,), ,-, ,i,n,s,u,r,a,n,c,e, ,(,n,)
u,b,r,a,n,i,a, ,(,p,l,), ,-, ,c,l,o,t,h,e,s, ,(,p,l,)
u,c,h,o, ,(,n,), ,-, ,e,a,r, ,(,n,)
u,c,z,u,c,i,e, ,(,n,), ,-, ,f,e,e,l,i,n,g, ,(,n,)
u,d,a,r, ,(,m,), ,-, ,s,t,r,o,k,e, ,(,m,)
u,d,z,i,a,ł, ,(,m,), ,-, ,s,h,a,r,e, ,(,m,)
u,g,r,y,z,i,e,n,i,e, ,(,n,), ,-, ,b,i,t,e, ,(,n,)
u,l,g,a, ,(,f,), ,-, ,r,e,l,i,e,f, ,(,f,)
u,l,i,c,a, ,(,f,), ,-, ,s,t,r,e,e,t, ,(,f,)
u,m,i,e,j,ę,t,n,o,ś,ć, ,(,f,), ,-, ,s,k,i,l,l, ,(,f,)
u,m,o,w,a, ,(,f,), ,-, ,c,o,n,t,r,a,c,t, ,(,f,)
u,m,ó,w,i,o,n,e, ,s,p,o,t,k,a,n,i,e, ,(,n,), ,-, ,a,p,p,o,i,n,t,m,e,n,t, ,s,p,o,t,k,a,n,i,e
u,m,y,s,ł, ,(,m,), ,-, ,m,i,n,d, ,(,m,)
u,n,i,a, ,(,f,), ,-, ,u,n,i,o,n, ,(,f,)
u,n,i,w,e,r,s,y,t,e,t, ,(,m,), ,-, ,u,n,i,v,e,r,s,i,t,y, ,(,m,)
u,r,o,d,z,i,n,y, ,(,p,l,), ,-, ,b,i,r,t,h,d,a,y, ,(,p,l,)
u,r,z,ą,d,z,e,n,i,e, ,(,n,), ,-, ,d,e,v,i,c,e, ,(,n,)
u,r,z,ę,d,n,i,k, ,(,m,), ,-, ,c,l,e,r,k, ,(,m,)
u,s,ł,u,g,a, ,(,f,), ,-, ,s,e,r,v,i,c,e, ,(,f,)
u,s,t,a, ,(,p,l,), ,-, ,m,o,u,t,h, ,(,p,l,)
u,s,z,k,o,d,z,e,n,i,e, ,(,n,), ,-, ,d,a,m,a,g,e, ,(,n,)
u,t,r,a,t,a, ,(,f,), ,-, ,l,o,s,s, ,(,f,)
u,w,a,g,a, ,(,f,), ,-, ,a,t,t,e,n,t,i,o,n, ,(,f,)
u,ż,y,t,k,o,w,n,i,k, ,(,m,), ,-, ,u,s,e,r, ,(,m,)
w,a,g,a, ,(,f,), ,-, ,w,e,i,g,h,t, ,(,f,)
w,a,k,a,c,j,e, ,(,p,l,), ,-, ,h,o,l,i,d,a,y, ,v,a,c,a,t,i,o,n, ,(,p,l,)
w,a,l,k,a, ,(,f,), ,-, ,f,i,g,h,t, ,(,f,)
w,a,l,u,t,a, ,(,f,), ,-, ,c,u,r,r,e,n,c,y, ,(,f,)
w,a,r,g,a, ,(,f,), ,-, ,l,i,p, ,(,f,)
w,a,r,i,a,c,j,a, ,(,f,), ,-, ,v,a,r,i,a,t,i,o,n, ,(,f,)
w,a,r,s,t,w,a, ,(,f,), ,-, ,l,a,y,e,r, ,(,f,)
w,a,r,t,o,ś,ć, ,(,f,), ,-, ,v,a,l,u,e, ,(,f,)
w,a,r,z,y,w,o, ,(,n,), ,-, ,v,e,g,e,t,a,b,l,e, ,(,n,)
w,ę,d,k,o,w,a,n,i,e, ,(,n,), ,-, ,f,i,s,h,i,n,g, ,(,n,)
w,e,e,k,e,n,d, ,(,m,), ,-, ,w,e,e,k,e,n,d, ,(,m,)
w,e,j,ś,c,i,e, ,(,n,), ,-, ,e,n,t,r,a,n,c,e, ,(,n,)
w,e,r,s,j,a, ,(,f,), ,-, ,v,e,r,s,i,o,n, ,(,f,)
w,i,a,d,o,m,o,ś,ć, ,(,f,), ,-, ,m,e,s,s,a,g,e, ,n,e,w,s, ,(,f,)
w,i,a,t,r, ,(,m,), ,-, ,w,i,n,d, ,(,m,)
w,i,d,e,o, ,(,n,), ,-, ,v,i,d,e,o, ,(,n,)
w,i,d,o,k, ,(,m,), ,-, ,v,i,e,w, ,(,m,)
w,i,d,o,w,n,i,a, ,(,f,), ,-, ,a,u,d,i,e,n,c,e, ,(,f,)
w,i,e,c,z,ó,r, ,(,m,), ,-, ,e,v,e,n,i,n,g, ,(,m,)
w,i,e,d,z,a, ,(,f,), ,-, ,k,n,o,w,l,e,d,g,e, ,(,f,)
w,i,e,k, ,(,m,), ,-, ,a,g,e, ,(,m,)
w,i,e,r,s,z, ,(,m,), ,-, ,p,o,e,m, ,(,m,)
w,i,e,ś, ,(,f,), ,-, ,v,i,l,l,a,g,e, ,(,f,)
w,i,e,ż,a, ,(,f,), ,-, ,t,o,w,e,r, ,(,f,)
w,i,n,a, ,(,f,), ,-, ,b,l,a,m,e, ,f,a,u,l,t, ,(,f,)
w,i,n,d,a, ,(,f,), ,-, ,e,l,e,v,a,t,o,r, ,(,f,)
w,i,n,o, ,(,n,), ,-, ,w,i,n,e, ,(,n,)
w,i,r,u,s, ,(,m,), ,-, ,v,i,r,u,s, ,(,m,)
w,i,t,r,y,n,a, ,(,f,), ,-, ,s,i,t,e, ,(,f,)
w,k,ł,a,d, ,(,m,), ,-, ,c,o,n,t,r,i,b,u,t,i,o,n, ,(,m,)
w,ł,a,ś,c,i,c,i,e,l, ,(,m,), ,-, ,o,w,n,e,r, ,(,m,)
w,ł,a,s,n,o,ś,ć, ,(,f,), ,-, ,p,r,o,p,e,r,t,y, ,(,f,)
w,ł,o,s,y, ,(,p,l,), ,-, ,h,a,i,r, ,(,p,l,)
w,n,ę,t,r,z,e, ,(,n,), ,-, ,i,n,s,i,d,e, ,(,n,)
w,n,i,o,s,e,k, ,(,m,), ,-, ,c,o,n,c,l,u,s,i,o,n, ,(,m,)
w,o,d,a, ,(,f,), ,-, ,w,a,t,e,r, ,(,f,)
w,o,j,n,a, ,(,f,), ,-, ,w,a,r, ,(,f,)
w,o,l,n,o,ś,ć, ,(,f,), ,-, ,f,r,e,e,d,o,m, ,(,f,)
w,p,i,s, ,(,m,), ,-, ,e,n,t,r,y, ,p,o,s,t, ,(,m,)
w,p,ł,y,w, ,(,m,), ,-, ,i,m,p,a,c,t, ,i,n,f,l,u,e,n,c,e, ,(,m,)
w,p,r,o,w,a,d,z,e,n,i,e, ,(,n,), ,-, ,i,n,t,r,o,d,u,c,t,i,o,n, ,(,n,)
w,r,a,ż,e,n,i,e, ,(,n,), ,-, ,i,m,p,r,e,s,s,i,o,n, ,(,n,)
w,s,c,h,ó,d, ,(,m,), ,-, ,e,a,s,t, ,(,m,)
w,s,k,a,z,a,n,i,e, ,(,n,), ,-, ,i,n,d,i,c,a,t,i,o,n, ,(,n,)
w,s,k,a,ź,n,i,k, ,(,m,), ,-, ,r,a,t,e, ,(,m,)
w,s,k,a,z,ó,w,k,a, ,(,f,), ,-, ,c,l,u,e, ,t,i,p, ,(,f,)
w,s,p,ó,ł,c,z,u,c,i,e, ,(,n,), ,-, ,s,y,m,p,a,t,h,y, ,(,n,)
w,s,p,ó,ł,c,z,y,n,n,i,k, ,(,m,), ,-, ,r,a,t,i,o, ,(,m,)
w,s,p,ó,ł,p,r,a,c,o,w,n,i,k, ,(,m,), ,-, ,a,s,s,o,c,i,a,t,e, ,(,m,)
w,s,t,y,d, ,(,m,), ,-, ,s,h,a,m,e, ,(,m,)
w,u,j,e,k, ,(,m,), ,-, ,u,n,c,l,e, ,(,m,)
w,y,b,ó,r, ,(,m,), ,-, ,c,h,o,i,c,e, ,s,e,l,e,c,t,i,o,n, ,(,m,)
w,y,b,o,r,y, ,(,p,l,), ,-, ,e,l,e,c,t,i,o,n, ,(,p,l,)
w,y,b,r,z,e,ż,e, ,(,n,), ,-, ,c,o,a,s,t, ,(,n,)
w,y,c,i,e,c,z,k,a, ,(,f,), ,-, ,t,o,u,r, ,t,r,i,p, ,(,f,)
w,y,d,a,j,n,o,ś,ć, ,(,f,), ,-, ,e,f,f,i,c,i,e,n,c,y, ,(,f,)
w,y,d,a,r,z,e,n,i,e, ,(,n,), ,-, ,e,v,e,n,t, ,(,n,)
w,y,g,l,ą,d, ,(,m,), ,-, ,a,p,p,e,a,r,a,n,c,e, ,(,m,)
w,y,j,a,ś,n,i,e,n,i,e, ,(,n,), ,-, ,e,x,p,l,a,n,a,t,i,o,n, ,(,n,)
w,y,j,ś,c,i,e, ,(,n,), ,-, ,e,x,i,t, ,(,n,)
w,y,k,ł,a,d, ,(,m,), ,-, ,l,e,c,t,u,r,e, ,(,m,)
w,y,k,r,e,s, ,(,m,), ,-, ,c,h,a,r,t, ,(,m,)
w,y,m,a,g,a,n,i,e, ,(,n,), ,-, ,r,e,q,u,i,r,e,m,e,n,t, ,(,n,)
w,y,m,i,a,n,a, ,(,f,), ,-, ,e,x,c,h,a,n,g,e, ,r,e,p,l,a,c,e,m,e,n,t, ,(,f,)
w,y,m,i,a,r, ,(,m,), ,-, ,d,i,m,e,n,s,i,o,n, ,(,m,)
w,y,n,a,j,e,m, ,(,m,), ,-, ,r,e,n,t, ,(,m,)
w,y,n,i,k, ,(,m,), ,-, ,o,u,t,c,o,m,e, ,r,e,s,u,l,t, ,s,c,o,r,e, ,(,m,)
w,y,o,b,r,a,ź,n,i,a, ,(,f,), ,-, ,i,m,a,g,i,n,a,t,i,o,n, ,(,f,)
w,y,p,a,d,e,k, ,(,m,), ,-, ,a,c,c,i,d,e,n,t, ,(,m,)
w,y,r,a,ż,e,n,i,e, ,(,n,), ,-, ,e,x,p,r,e,s,s,i,o,n, ,(,n,)
w,y,ś,c,i,g, ,(,m,), ,-, ,r,a,c,e, ,(,m,)
w,y,s,i,ł,e,k, ,(,m,), ,-, ,e,f,f,o,r,t, ,(,m,)
w,y,s,o,k,o,ś,ć, ,(,f,), ,-, ,h,e,i,g,h,t, ,(,f,)
w,y,s,p,a, ,(,f,), ,-, ,i,s,l,a,n,d, ,(,f,)
w,y,s,t,ę,p, ,(,m,), ,-, ,p,e,r,f,o,r,m,a,n,c,e, ,(,m,)
w,y,w,i,a,d, ,(,m,), ,-, ,i,n,t,e,r,v,i,e,w, ,(,m,)
w,y,z,w,a,n,i,e, ,(,n,), ,-, ,c,h,a,l,l,e,n,g,e, ,(,n,)
w,z,ó,r, ,(,m,), ,-, ,p,a,t,t,e,r,n, ,(,m,)
w,z,r,o,s,t, ,(,m,), ,-, ,g,r,o,w,t,h, ,(,m,)
z,ą,b, ,(,m,), ,-, ,t,o,o,t,h, ,(,m,)
z,a,b,a,w,a, ,(,f,), ,-, ,f,u,n, ,(,f,)
z,a,c,h,ó,d, ,(,m,), ,-, ,w,e,s,t, ,(,m,)
z,a,d,a,n,i,e, ,(,n,), ,-, ,a,s,s,i,g,n,m,e,n,t, ,t,a,s,k, ,(,n,)
ż,a,g,i,e,l, ,(,m,), ,-, ,s,a,i,l, ,(,m,)
z,a,i,n,t,e,r,e,s,o,w,a,n,i,e, ,(,n,), ,-, ,i,n,t,e,r,e,s,t, ,(,n,)
z,a,k,ł,a,d, ,(,m,), ,-, ,b,e,t, ,(,m,)
z,a,k,r,e,s, ,(,m,), ,-, ,e,x,t,e,n,t, ,r,a,n,g,e, ,(,m,)
z,a,k,r,ę,t, ,(,m,), ,-, ,b,e,n,d, ,(,m,)
z,a,k,u,p,y, ,(,p,l,), ,-, ,s,h,o,p,p,i,n,g, ,(,p,l,)
z,a,l,e,t,a, ,(,f,), ,-, ,a,d,v,a,n,t,a,g,e, ,(,f,)
z,a,ł,o,g,a, ,(,f,), ,-, ,c,r,e,w, ,(,f,)
z,a,ł,o,ż,e,n,i,e, ,(,n,), ,-, ,a,s,s,u,m,p,t,i,o,n, ,(,n,)
z,a,m,e,k, ,(,m,), ,-, ,l,o,c,k, ,(,m,)
z,a,m,i,e,s,z,a,n,i,e, ,(,n,), ,-, ,c,o,n,f,u,s,i,o,n, ,(,n,)
z,a,n,i,e,c,z,y,s,z,c,z,e,n,i,e, ,(,n,), ,-, ,p,o,l,l,u,t,i,o,n, ,(,n,)
z,a,p,a,s, ,(,m,), ,-, ,s,t,o,c,k, ,(,m,)
ż,a,r,t, ,(,m,), ,-, ,j,o,k,e, ,(,m,)
z,a,r,z,ą,d,z,a,n,i,e, ,(,n,), ,-, ,m,a,n,a,g,e,m,e,n,t, ,(,n,)
z,a,s,a,d,a, ,(,f,), ,-, ,p,r,i,n,c,i,p,l,e, ,(,f,)
z,a,s,ó,b, ,(,m,), ,-, ,r,e,s,o,u,r,c,e, ,(,m,)
z,a,t,r,u,d,n,i,e,n,i,e, ,(,n,), ,-, ,e,m,p,l,o,y,m,e,n,t, ,(,n,)
z,a,u,f,a,n,i,e, ,(,n,), ,-, ,t,r,u,s,t, ,(,n,)
z,a,u,w,a,ż,e,n,i,e, ,(,n,), ,-, ,n,o,t,i,c,e, ,(,n,)
z,a,w,ó,d, ,(,m,), ,-, ,p,r,o,f,e,s,s,i,o,n, ,(,m,)
z,a,w,o,d,n,i,k, ,(,m,), ,-, ,p,l,a,y,e,r, ,(,m,)
z,b,i,o,r,n,i,k, ,(,m,), ,-, ,t,a,n,k, ,(,m,)
z,d,a,n,i,e, ,(,n,), ,-, ,s,e,n,t,e,n,c,e, ,(,n,)
z,d,j,ę,c,i,e, ,(,n,), ,-, ,p,h,o,t,o, ,(,n,)
z,d,o,l,n,o,ś,ć, ,(,f,), ,-, ,a,b,i,l,i,t,y, ,(,f,)
z,d,r,o,w,i,e, ,(,n,), ,-, ,h,e,a,l,t,h, ,(,n,)
z,e,g,a,r, ,(,m,), ,-, ,c,l,o,c,k, ,(,m,)
ż,e,l,a,z,o, ,(,n,), ,-, ,i,r,o,n, ,(,n,)
z,e,s,p,ó,ł, ,(,m,), ,-, ,b,a,n,d, ,(,m,)
z,e,w,n,ą,t,r,z, ,(,n,), ,-, ,o,u,t,s,i,d,e, ,(,n,)
z,i,e,m,i,a, ,(,f,), ,-, ,e,a,r,t,h, ,l,a,n,d, ,(,f,)
z,i,e,m,n,i,a,k, ,(,m,), ,-, ,p,o,t,a,t,o, ,(,m,)
z,i,m,a, ,(,f,), ,-, ,w,i,n,t,e,r, ,(,f,)
z,ł,o,ś,ć, ,(,f,), ,-, ,a,n,g,e,r, ,s,p,i,t,e, ,(,f,)
z,ł,o,t,o, ,(,n,), ,-, ,g,o,l,d, ,(,n,)
z,ł,y, ,(,m,), ,-, ,b,a,d, ,(,m,)
z,m,y,s,ł, ,(,m,), ,-, ,s,e,n,s,e, ,(,m,)
z,n,a,c,z,e,n,i,e, ,(,n,), ,-, ,i,m,p,o,r,t,a,n,c,e, ,m,e,a,n,i,n,g, ,s,i,g,n,i,f,i,c,a,n,c,e, ,(,n,)
z,n,a,k, ,(,m,), ,-, ,m,a,r,k, ,s,i,g,n, ,(,m,)
z,o,b,o,w,i,ą,z,a,n,i,e, ,(,n,), ,-, ,o,b,l,i,g,a,t,i,o,n, ,(,n,)
ż,o,ł,ą,d,e,k, ,(,m,), ,-, ,s,t,o,m,a,c,h, ,(,m,)
ż,o,n,a, ,(,f,), ,-, ,w,i,f,e, ,(,f,)
ź,r,ó,d,ł,o, ,(,n,), ,-, ,s,o,u,r,c,e, ,(,n,)
z,r,o,z,u,m,i,e,n,i,e, ,(,n,), ,-, ,u,n,d,e,r,s,t,a,n,d,i,n,g, ,(,n,)
z,u,p,a, ,(,f,), ,-, ,s,o,u,p, ,(,f,)
z,w,i,ą,z,e,k, ,(,m,), ,-, ,r,e,l,a,t,i,o,n,s,h,i,p, ,(,m,)
z,w,i,e,r,z,ę, ,(,n,), ,-, ,a,n,i,m,a,l, ,(,n,)
z,w,y,c,i,ę,z,c,a, ,(,m,), ,-, ,w,i,n,n,e,r, ,(,m,)
ż,y,c,i,e, ,(,n,), ,-, ,l,i,f,e, ,l,i,v,i,n,g, ,(,n,)
z,y,s,k, ,(,m,), ,-, ,p,r,o,f,i,t, ,(,m,)
